Workbook

Sheet Pay Bill
A1: Kerala School of Mathematics
A2: Kunnamangalam PO, Kozhikode
A3: Pay Bill Statement for the Month of
A4: EARNINGS
A5: Sl.No. | B5: Name of Employee | C5: Designation | D5: Scale of Pay | E5: Basic | F5: GP/DP | G5: DA | H5: HRA | I5: CCA | J5: Spl.Pay/Deput.Allow | K5: Tr. Allow+DA | L5: Fest. Allow | M5: Others | N5: Gross Pay
A6: 1 | B6: John Doe | C6: Professor | D6: 10000-20000 | E6: 5000 | F6: 1000 | G6: 500 | H6: 200 | I6: 100 | J6: 0 | K6: 0 | L6: 0 | M6: 0 | N6: 6800
C8: UGC/CSIR - DA Rate (%) 7th CPC | D8: 50
C9: State DA (%) 11th Pay | D9: 46
C10: Gross Pay | D10: 6800

Sheet DV-IDENTITY-0
A1: =IF('Pay Bill'!1:1,"AAAAAHxdzQA=",0) -> #VALUE! | B1: =AND('Pay Bill'!A1,"AAAAAHxdzQE=") -> #VALUE! | C1: =AND('Pay Bill'!B1,"AAAAAHxdzQI=") -> #VALUE! | D1: =AND('Pay Bill'!C1,"AAAAAHxdzQM=") -> #VALUE! | E1: =AND('Pay Bill'!D1,"AAAAAHxdzQQ=") -> #VALUE! | F1: =AND('Pay Bill'!E1,"AAAAAHxdzQU=") -> #VALUE! | G1: =AND('Pay Bill'!F1,"AAAAAHxdzQY=") -> #VALUE! | H1: =AND('Pay Bill'!G1,"AAAAAHxdzQc=") -> #VALUE! | I1: =AND('Pay Bill'!H1,"AAAAAHxdzQg=") -> #VALUE! | J1: =AND('Pay Bill'!I1,"AAAAAHxdzQk=") -> #VALUE! | K1: =AND('Pay Bill'!J1,"AAAAAHxdzQo=") -> #VALUE! | L1: =AND('Pay Bill'!#REF!,"AAAAAHxdzQs=") -> #REF! | M1: =AND('Pay Bill'!#REF!,"AAAAAHxdzQw=") -> #REF! | N1: =AND('Pay Bill'!#REF!,"AAAAAHxdzQ0=") -> #REF! | O1: =AND('Pay Bill'!K1,"AAAAAHxdzQ4=") -> #VALUE! | P1: =AND('Pay Bill'!L1,"AAAAAHxdzQ8=") -> #VALUE! | Q1: =AND('Pay Bill'!M1,"AAAAAHxdzRA=") -> #VALUE! | R1: =AND('Pay Bill'!#REF!,"AAAAAHxdzRE=") -> #REF! | S1: =AND('Pay Bill'!#REF!,"AAAAAHxdzRI=") -> #REF! | T1: =AND('Pay Bill'!#REF!,"AAAAAHxdzRM=") -> #REF! | U1: =AND('Pay Bill'!#REF!,"AAAAAHxdzRQ=") -> #REF! | V1: =AND('Pay Bill'!N1,"AAAAAHxdzRU=") -> #VALUE! | W1: =IF('Pay Bill'!2:2,"AAAAAHxdzRY=",0) -> 0 | X1: =AND('Pay Bill'!A2,"AAAAAHxdzRc=") -> #VALUE! | Y1: =AND('Pay Bill'!B2,"AAAAAHxdzRg=") -> #VALUE! | Z1: =AND('Pay Bill'!C2,"AAAAAHxdzRk=") -> #VALUE! | AA1: =AND('Pay Bill'!D2,"AAAAAHxdzRo=") -> #VALUE! | AB1: =AND('Pay Bill'!E2,"AAAAAHxdzRs=") -> #VALUE! | AC1: =AND('Pay Bill'!F2,"AAAAAHxdzRw=") -> #VALUE! | AD1: =AND('Pay Bill'!G2,"AAAAAHxdzR0=") -> #VALUE! | AE1: =AND('Pay Bill'!H2,"AAAAAHxdzR4=") -> #VALUE! | AF1: =AND('Pay Bill'!I2,"AAAAAHxdzR8=") -> #VALUE! | AG1: =AND('Pay Bill'!J2,"AAAAAHxdzSA=") -> #VALUE! | AH1: =AND('Pay Bill'!#REF!,"AAAAAHxdzSE=") -> #REF! | AI1: =AND('Pay Bill'!#REF!,"AAAAAHxdzSI=") -> #REF! | AJ1: =AND('Pay Bill'!#REF!,"AAAAAHxdzSM=") -> #REF! | AK1: =AND('Pay Bill'!K2,"AAAAAHxdzSQ=") -> #VALUE! | AL1: =AND('Pay Bill'!L2,"AAAAAHxdzSU=") -> #VALUE! | AM1: =AND('Pay Bill'!M2,"AAAAAHxdzSY=") -> #VALUE! | AN1: =AND('Pay Bill'!#REF!,"AAAAAHxdzSc=") -> #REF! | AO1: =AND('Pay Bill'!#REF!,"AAAAAHxdzSg=") -> #REF! | AP1: =AND('Pay Bill'!#REF!,"AAAAAHxdzSk=") -> #REF! | AQ1: =AND('Pay Bill'!#REF!,"AAAAAHxdzSo=") -> #REF! | AR1: =AND('Pay Bill'!N2,"AAAAAHxdzSs=") -> #VALUE! | AS1: =IF('Pay Bill'!#REF!,"AAAAAHxdzSw=",0) -> #REF! | AT1: =AND('Pay Bill'!#REF!,"AAAAAHxdzS0=") -> #REF! | AU1: =AND('Pay Bill'!#REF!,"AAAAAHxdzS4=") -> #REF! | AV1: =AND('Pay Bill'!#REF!,"AAAAAHxdzS8=") -> #REF! | AW1: =AND('Pay Bill'!#REF!,"AAAAAHxdzTA=") -> #REF! | AX1: =AND('Pay Bill'!#REF!,"AAAAAHxdzTE=") -> #REF! | AY1: =AND('Pay Bill'!#REF!,"AAAAAHxdzTI=") -> #REF! | AZ1: =AND('Pay Bill'!#REF!,"AAAAAHxdzTM=") -> #REF! | BA1: =AND('Pay Bill'!#REF!,"AAAAAHxdzTQ=") -> #REF! | BB1: =AND('Pay Bill'!#REF!,"AAAAAHxdzTU=") -> #REF! | BC1: =AND('Pay Bill'!#REF!,"AAAAAHxdzTY=") -> #REF! | BD1: =AND('Pay Bill'!#REF!,"AAAAAHxdzTc=") -> #REF! | BE1: =AND('Pay Bill'!#REF!,"AAAAAHxdzTg=") -> #REF! | BF1: =AND('Pay Bill'!#REF!,"AAAAAHxdzTk=") -> #REF! | BG1: =AND('Pay Bill'!#REF!,"AAAAAHxdzTo=") -> #REF! | BH1: =AND('Pay Bill'!#REF!,"AAAAAHxdzTs=") -> #REF! | BI1: =AND('Pay Bill'!#REF!,"AAAAAHxdzTw=") -> #REF! | BJ1: =AND('Pay Bill'!#REF!,"AAAAAHxdzT0=") -> #REF! | BK1: =AND('Pay Bill'!#REF!,"AAAAAHxdzT4=") -> #REF! | BL1: =AND('Pay Bill'!#REF!,"AAAAAHxdzT8=") -> #REF! | BM1: =AND('Pay Bill'!#REF!,"AAAAAHxdzUA=") -> #REF! | BN1: =AND('Pay Bill'!#REF!,"AAAAAHxdzUE=") -> #REF! | BO1: =IF('Pay Bill'!3:3,"AAAAAHxdzUI=",0) -> 0 | BP1: =AND('Pay Bill'!A3,"AAAAAHxdzUM=") -> #VALUE! | BQ1: =AND('Pay Bill'!B3,"AAAAAHxdzUQ=") -> #VALUE! | BR1: =AND('Pay Bill'!C3,"AAAAAHxdzUU=") -> #VALUE! | BS1: =AND('Pay Bill'!D3,"AAAAAHxdzUY=") -> #VALUE! | BT1: =AND('Pay Bill'!E3,"AAAAAHxdzUc=") -> #VALUE! | BU1: =AND('Pay Bill'!F3,"AAAAAHxdzUg=") -> #VALUE! | BV1: =AND('Pay Bill'!G3,"AAAAAHxdzUk=") -> #VALUE! | BW1: =AND('Pay Bill'!H3,"AAAAAHxdzUo=") -> #VALUE! | BX1: =AND('Pay Bill'!I3,"AAAAAHxdzUs=") -> #VALUE! | BY1: =AND('Pay Bill'!J3,"AAAAAHxdzUw=") -> #VALUE! | BZ1: =AND('Pay Bill'!#REF!,"AAAAAHxdzU0=") -> #REF! | CA1: =AND('Pay Bill'!#REF!,"AAAAAHxdzU4=") -> #REF! | CB1: =AND('Pay Bill'!#REF!,"AAAAAHxdzU8=") -> #REF! | CC1: =AND('Pay Bill'!K3,"AAAAAHxdzVA=") -> #VALUE! | CD1: =AND('Pay Bill'!L3,"AAAAAHxdzVE=") -> #VALUE! | CE1: =AND('Pay Bill'!M3,"AAAAAHxdzVI=") -> #VALUE! | CF1: =AND('Pay Bill'!#REF!,"AAAAAHxdzVM=") -> #REF! | CG1: =AND('Pay Bill'!#REF!,"AAAAAHxdzVQ=") -> #REF! | CH1: =AND('Pay Bill'!#REF!,"AAAAAHxdzVU=") -> #REF! | CI1: =AND('Pay Bill'!#REF!,"AAAAAHxdzVY=") -> #REF! | CJ1: =AND('Pay Bill'!N3,"AAAAAHxdzVc=") -> #VALUE! | CK1: =IF('Pay Bill'!4:4,"AAAAAHxdzVg=",0) -> 0 | CL1: =AND('Pay Bill'!A4,"AAAAAHxdzVk=") -> #VALUE! | CM1: =AND('Pay Bill'!B4,"AAAAAHxdzVo=") -> #VALUE! | CN1: =AND('Pay Bill'!C4,"AAAAAHxdzVs=") -> #VALUE! | CO1: =AND('Pay Bill'!D4,"AAAAAHxdzVw=") -> #VALUE! | CP1: =AND('Pay Bill'!E4,"AAAAAHxdzV0=") -> #VALUE! | CQ1: =AND('Pay Bill'!F4,"AAAAAHxdzV4=") -> #VALUE! | CR1: =AND('Pay Bill'!G4,"AAAAAHxdzV8=") -> #VALUE! | CS1: =AND('Pay Bill'!H4,"AAAAAHxdzWA=") -> #VALUE! | CT1: =AND('Pay Bill'!I4,"AAAAAHxdzWE=") -> #VALUE! | CU1: =AND('Pay Bill'!J4,"AAAAAHxdzWI=") -> #VALUE! | CV1: =AND('Pay Bill'!#REF!,"AAAAAHxdzWM=") -> #REF! | CW1: =AND('Pay Bill'!#REF!,"AAAAAHxdzWQ=") -> #REF! | CX1: =AND('Pay Bill'!#REF!,"AAAAAHxdzWU=") -> #REF! | CY1: =AND('Pay Bill'!K4,"AAAAAHxdzWY=") -> #VALUE! | CZ1: =AND('Pay Bill'!L4,"AAAAAHxdzWc=") -> #VALUE! | DA1: =AND('Pay Bill'!M4,"AAAAAHxdzWg=") -> #VALUE! | DB1: =AND('Pay Bill'!#REF!,"AAAAAHxdzWk=") -> #REF! | DC1: =AND('Pay Bill'!#REF!,"AAAAAHxdzWo=") -> #REF! | DD1: =AND('Pay Bill'!#REF!,"AAAAAHxdzWs=") -> #REF! | DE1: =AND('Pay Bill'!#REF!,"AAAAAHxdzWw=") -> #REF! | DF1: =AND('Pay Bill'!N4,"AAAAAHxdzW0=") -> #VALUE! | DG1: =IF('Pay Bill'!5:5,"AAAAAHxdzW4=",0) -> 0 | DH1: =AND('Pay Bill'!A5,"AAAAAHxdzW8=") -> #VALUE! | DI1: =AND('Pay Bill'!B5,"AAAAAHxdzXA=") -> #VALUE! | DJ1: =AND('Pay Bill'!C5,"AAAAAHxdzXE=") -> #VALUE! | DK1: =AND('Pay Bill'!D5,"AAAAAHxdzXI=") -> #VALUE! | DL1: =AND('Pay Bill'!E5,"AAAAAHxdzXM=") -> #VALUE! | DM1: =AND('Pay Bill'!F5,"AAAAAHxdzXQ=") -> #VALUE! | DN1: =AND('Pay Bill'!G5,"AAAAAHxdzXU=") -> #VALUE! | DO1: =AND('Pay Bill'!H5,"AAAAAHxdzXY=") -> #VALUE! | DP1: =AND('Pay Bill'!I5,"AAAAAHxdzXc=") -> #VALUE! | DQ1: =AND('Pay Bill'!J5,"AAAAAHxdzXg=") -> #VALUE! | DR1: =AND('Pay Bill'!#REF!,"AAAAAHxdzXk=") -> #REF! | DS1: =AND('Pay Bill'!#REF!,"AAAAAHxdzXo=") -> #REF! | DT1: =AND('Pay Bill'!#REF!,"AAAAAHxdzXs=") -> #REF! | DU1: =AND('Pay Bill'!K5,"AAAAAHxdzXw=") -> #VALUE! | DV1: =AND('Pay Bill'!L5,"AAAAAHxdzX0=") -> #VALUE! | DW1: =AND('Pay Bill'!M5,"AAAAAHxdzX4=") -> #VALUE! | DX1: =AND('Pay Bill'!#REF!,"AAAAAHxdzX8=") -> #REF! | DY1: =AND('Pay Bill'!#REF!,"AAAAAHxdzYA=") -> #REF! | DZ1: =AND('Pay Bill'!#REF!,"AAAAAHxdzYE=") -> #REF! | EA1: =AND('Pay Bill'!#REF!,"AAAAAHxdzYI=") -> #REF! | EB1: =AND('Pay Bill'!N5,"AAAAAHxdzYM=") -> #VALUE! | EC1: =IF('Pay Bill'!#REF!,"AAAAAHxdzYQ=",0) -> #REF! | ED1: =AND('Pay Bill'!#REF!,"AAAAAHxdzYU=") -> #REF! | EE1: =AND('Pay Bill'!#REF!,"AAAAAHxdzYY=") -> #REF! | EF1: =AND('Pay Bill'!#REF!,"AAAAAHxdzYc=") -> #REF! | EG1: =AND('Pay Bill'!#REF!,"AAAAAHxdzYg=") -> #REF! | EH1: =AND('Pay Bill'!#REF!,"AAAAAHxdzYk=") -> #REF! | EI1: =AND('Pay Bill'!#REF!,"AAAAAHxdzYo=") -> #REF! | EJ1: =AND('Pay Bill'!#REF!,"AAAAAHxdzYs=") -> #REF! | EK1: =AND('Pay Bill'!#REF!,"AAAAAHxdzYw=") -> #REF! | EL1: =AND('Pay Bill'!#REF!,"AAAAAHxdzY0=") -> #REF! | EM1: =AND('Pay Bill'!#REF!,"AAAAAHxdzY4=") -> #REF! | EN1: =AND('Pay Bill'!#REF!,"AAAAAHxdzY8=") -> #REF! | EO1: =AND('Pay Bill'!#REF!,"AAAAAHxdzZA=") -> #REF! | EP1: =AND('Pay Bill'!#REF!,"AAAAAHxdzZE=") -> #REF! | EQ1: =AND('Pay Bill'!#REF!,"AAAAAHxdzZI=") -> #REF! | ER1: =AND('Pay Bill'!#REF!,"AAAAAHxdzZM=") -> #REF! | ES1: =AND('Pay Bill'!#REF!,"AAAAAHxdzZQ=") -> #REF! | ET1: =AND('Pay Bill'!#REF!,"AAAAAHxdzZU=") -> #REF! | EU1: =AND('Pay Bill'!#REF!,"AAAAAHxdzZY=") -> #REF! | EV1: =AND('Pay Bill'!#REF!,"AAAAAHxdzZc=") -> #REF! | EW1: =AND('Pay Bill'!#REF!,"AAAAAHxdzZg=") -> #REF! | EX1: =AND('Pay Bill'!#REF!,"AAAAAHxdzZk=") -> #REF! | EY1: =IF('Pay Bill'!7:7,"AAAAAHxdzZo=",0) -> 0 | EZ1: =AND('Pay Bill'!A7,"AAAAAHxdzZs=") -> #VALUE! | FA1: =AND('Pay Bill'!B7,"AAAAAHxdzZw=") -> #VALUE! | FB1: =AND('Pay Bill'!C7,"AAAAAHxdzZ0=") -> #VALUE! | FC1: =AND('Pay Bill'!D7,"AAAAAHxdzZ4=") -> #VALUE! | FD1: =AND('Pay Bill'!E7,"AAAAAHxdzZ8=") -> #VALUE! | FE1: =AND('Pay Bill'!F7,"AAAAAHxdzaA=") -> #VALUE! | FF1: =AND('Pay Bill'!G7,"AAAAAHxdzaE=") -> #VALUE! | FG1: =AND('Pay Bill'!H7,"AAAAAHxdzaI=") -> #VALUE! | FH1: =AND('Pay Bill'!I7,"AAAAAHxdzaM=") -> #VALUE! | FI1: =AND('Pay Bill'!J7,"AAAAAHxdzaQ=") -> #VALUE! | FJ1: =AND('Pay Bill'!#REF!,"AAAAAHxdzaU=") -> #REF! | FK1: =AND('Pay Bill'!#REF!,"AAAAAHxdzaY=") -> #REF! | FL1: =AND('Pay Bill'!#REF!,"AAAAAHxdzac=") -> #REF! | FM1: =AND('Pay Bill'!K7,"AAAAAHxdzag=") -> #VALUE! | FN1: =AND('Pay Bill'!L7,"AAAAAHxdzak=") -> #VALUE! | FO1: =AND('Pay Bill'!M7,"AAAAAHxdzao=") -> #VALUE! | FP1: =AND('Pay Bill'!#REF!,"AAAAAHxdzas=") -> #REF! | FQ1: =AND('Pay Bill'!#REF!,"AAAAAHxdzaw=") -> #REF! | FR1: =AND('Pay Bill'!#REF!,"AAAAAHxdza0=") -> #REF! | FS1: =AND('Pay Bill'!#REF!,"AAAAAHxdza4=") -> #REF! | FT1: =AND('Pay Bill'!N7,"AAAAAHxdza8=") -> #VALUE! | FU1: =IF('Pay Bill'!#REF!,"AAAAAHxdzbA=",0) -> #REF! | FV1: =AND('Pay Bill'!#REF!,"AAAAAHxdzbE=") -> #REF! | FW1: =AND('Pay Bill'!#REF!,"AAAAAHxdzbI=") -> #REF! | FX1: =AND('Pay Bill'!#REF!,"AAAAAHxdzbM=") -> #REF! | FY1: =AND('Pay Bill'!#REF!,"AAAAAHxdzbQ=") -> #REF! | FZ1: =AND('Pay Bill'!#REF!,"AAAAAHxdzbU=") -> #REF! | GA1: =AND('Pay Bill'!#REF!,"AAAAAHxdzbY=") -> #REF! | GB1: =AND('Pay Bill'!#REF!,"AAAAAHxdzbc=") -> #REF! | GC1: =AND('Pay Bill'!#REF!,"AAAAAHxdzbg=") -> #REF! | GD1: =AND('Pay Bill'!#REF!,"AAAAAHxdzbk=") -> #REF! | GE1: =AND('Pay Bill'!#REF!,"AAAAAHxdzbo=") -> #REF! | GF1: =AND('Pay Bill'!#REF!,"AAAAAHxdzbs=") -> #REF! | GG1: =AND('Pay Bill'!#REF!,"AAAAAHxdzbw=") -> #REF! | GH1: =AND('Pay Bill'!#REF!,"AAAAAHxdzb0=") -> #REF! | GI1: =AND('Pay Bill'!#REF!,"AAAAAHxdzb4=") -> #REF! | GJ1: =AND('Pay Bill'!#REF!,"AAAAAHxdzb8=") -> #REF! | GK1: =AND('Pay Bill'!#REF!,"AAAAAHxdzcA=") -> #REF! | GL1: =AND('Pay Bill'!#REF!,"AAAAAHxdzcE=") -> #REF! | GM1: =AND('Pay Bill'!#REF!,"AAAAAHxdzcI=") -> #REF! | GN1: =AND('Pay Bill'!#REF!,"AAAAAHxdzcM=") -> #REF! | GO1: =AND('Pay Bill'!#REF!,"AAAAAHxdzcQ=") -> #REF! | GP1: =AND('Pay Bill'!#REF!,"AAAAAHxdzcU=") -> #REF! | GQ1: =IF('Pay Bill'!10:10,"AAAAAHxdzcY=",0) -> 0 | GR1: =AND('Pay Bill'!A10,"AAAAAHxdzcc=") -> #VALUE! | GS1: =AND('Pay Bill'!B10,"AAAAAHxdzcg=") -> #VALUE! | GT1: =AND('Pay Bill'!C10,"AAAAAHxdzck=") -> #VALUE! | GU1: =AND('Pay Bill'!D10,"AAAAAHxdzco=") -> #VALUE! | GV1: =AND('Pay Bill'!E10,"AAAAAHxdzcs=") -> #VALUE! | GW1: =AND('Pay Bill'!F10,"AAAAAHxdzcw=") -> #VALUE! | GX1: =AND('Pay Bill'!G10,"AAAAAHxdzc0=") -> #VALUE! | GY1: =AND('Pay Bill'!H10,"AAAAAHxdzc4=") -> #VALUE! | GZ1: =AND('Pay Bill'!I10,"AAAAAHxdzc8=") -> #VALUE! | HA1: =AND('Pay Bill'!J10,"AAAAAHxdzdA=") -> #VALUE! | HB1: =AND('Pay Bill'!#REF!,"AAAAAHxdzdE=") -> #REF! | HC1: =AND('Pay Bill'!#REF!,"AAAAAHxdzdI=") -> #REF! | HD1: =AND('Pay Bill'!#REF!,"AAAAAHxdzdM=") -> #REF! | HE1: =AND('Pay Bill'!K10,"AAAAAHxdzdQ=") -> #VALUE! | HF1: =AND('Pay Bill'!L10,"AAAAAHxdzdU=") -> #VALUE! | HG1: =AND('Pay Bill'!M10,"AAAAAHxdzdY=") -> #VALUE! | HH1: =AND('Pay Bill'!#REF!,"AAAAAHxdzdc=") -> #REF! | HI1: =AND('Pay Bill'!#REF!,"AAAAAHxdzdg=") -> #REF! | HJ1: =AND('Pay Bill'!#REF!,"AAAAAHxdzdk=") -> #REF! | HK1: =AND('Pay Bill'!#REF!,"AAAAAHxdzdo=") -> #REF! | HL1: =AND('Pay Bill'!N10,"AAAAAHxdzds=") -> #VALUE! | HM1: =IF('Pay Bill'!11:11,"AAAAAHxdzdw=",0) -> 0 | HN1: =AND('Pay Bill'!A11,"AAAAAHxdzd0=") -> #VALUE! | HO1: =AND('Pay Bill'!B11,"AAAAAHxdzd4=") -> #VALUE! | HP1: =AND('Pay Bill'!C11,"AAAAAHxdzd8=") -> #VALUE! | HQ1: =AND('Pay Bill'!D11,"AAAAAHxdzeA=") -> #VALUE! | HR1: =AND('Pay Bill'!E11,"AAAAAHxdzeE=") -> #VALUE! | HS1: =AND('Pay Bill'!F11,"AAAAAHxdzeI=") -> #VALUE! | HT1: =AND('Pay Bill'!G11,"AAAAAHxdzeM=") -> #VALUE! | HU1: =AND('Pay Bill'!H11,"AAAAAHxdzeQ=") -> #VALUE! | HV1: =AND('Pay Bill'!I11,"AAAAAHxdzeU=") -> #VALUE! | HW1: =AND('Pay Bill'!J11,"AAAAAHxdzeY=") -> #VALUE! | HX1: =AND('Pay Bill'!#REF!,"AAAAAHxdzec=") -> #REF! | HY1: =AND('Pay Bill'!#REF!,"AAAAAHxdzeg=") -> #REF! | HZ1: =AND('Pay Bill'!#REF!,"AAAAAHxdzek=") -> #REF! | IA1: =AND('Pay Bill'!K11,"AAAAAHxdzeo=") -> #VALUE! | IB1: =AND('Pay Bill'!L11,"AAAAAHxdzes=") -> #VALUE! | IC1: =AND('Pay Bill'!M11,"AAAAAHxdzew=") -> #VALUE! | ID1: =AND('Pay Bill'!#REF!,"AAAAAHxdze0=") -> #REF! | IE1: =AND('Pay Bill'!#REF!,"AAAAAHxdze4=") -> #REF! | IF1: =AND('Pay Bill'!#REF!,"AAAAAHxdze8=") -> #REF! | IG1: =AND('Pay Bill'!#REF!,"AAAAAHxdzfA=") -> #REF! | IH1: =AND('Pay Bill'!N11,"AAAAAHxdzfE=") -> #VALUE! | II1: =IF('Pay Bill'!12:12,"AAAAAHxdzfI=",0) -> 0 | IJ1: =AND('Pay Bill'!A12,"AAAAAHxdzfM=") -> #VALUE! | IK1: =AND('Pay Bill'!B12,"AAAAAHxdzfQ=") -> #VALUE! | IL1: =AND('Pay Bill'!C12,"AAAAAHxdzfU=") -> #VALUE! | IM1: =AND('Pay Bill'!D12,"AAAAAHxdzfY=") -> #VALUE! | IN1: =AND('Pay Bill'!E12,"AAAAAHxdzfc=") -> #VALUE! | IO1: =AND('Pay Bill'!F12,"AAAAAHxdzfg=") -> #VALUE! | IP1: =AND('Pay Bill'!G12,"AAAAAHxdzfk=") -> #VALUE! | IQ1: =AND('Pay Bill'!H12,"AAAAAHxdzfo=") -> #VALUE! | IR1: =AND('Pay Bill'!I12,"AAAAAHxdzfs=") -> #VALUE! | IS1: =AND('Pay Bill'!J12,"AAAAAHxdzfw=") -> #VALUE! | IT1: =AND('Pay Bill'!#REF!,"AAAAAHxdzf0=") -> #REF! | IU1: =AND('Pay Bill'!#REF!,"AAAAAHxdzf4=") -> #REF! | IV1: =AND('Pay Bill'!#REF!,"AAAAAHxdzf8=") -> #REF!
A2: =AND('Pay Bill'!K12,"AAAAAFu4uwA=") -> #VALUE! | B2: =AND('Pay Bill'!L12,"AAAAAFu4uwE=") -> #VALUE! | C2: =AND('Pay Bill'!M12,"AAAAAFu4uwI=") -> #VALUE! | D2: =AND('Pay Bill'!#REF!,"AAAAAFu4uwM=") -> #REF! | E2: =AND('Pay Bill'!#REF!,"AAAAAFu4uwQ=") -> #REF! | F2: =AND('Pay Bill'!#REF!,"AAAAAFu4uwU=") -> #REF! | G2: =AND('Pay Bill'!#REF!,"AAAAAFu4uwY=") -> #REF! | H2: =AND('Pay Bill'!N12,"AAAAAFu4uwc=") -> #VALUE! | I2: =IF('Pay Bill'!#REF!,"AAAAAFu4uwg=",0) -> #REF! | J2: =AND('Pay Bill'!#REF!,"AAAAAFu4uwk=") -> #REF! | K2: =AND('Pay Bill'!#REF!,"AAAAAFu4uwo=") -> #REF! | L2: =AND('Pay Bill'!#REF!,"AAAAAFu4uws=") -> #REF! | M2: =AND('Pay Bill'!#REF!,"AAAAAFu4uww=") -> #REF! | N2: =AND('Pay Bill'!#REF!,"AAAAAFu4uw0=") -> #REF! | O2: =AND('Pay Bill'!#REF!,"AAAAAFu4uw4=") -> #REF! | P2: =AND('Pay Bill'!#REF!,"AAAAAFu4uw8=") -> #REF! | Q2: =AND('Pay Bill'!#REF!,"AAAAAFu4uxA=") -> #REF! | R2: =AND('Pay Bill'!#REF!,"AAAAAFu4uxE=") -> #REF! | S2: =AND('Pay Bill'!#REF!,"AAAAAFu4uxI=") -> #REF! | T2: =AND('Pay Bill'!#REF!,"AAAAAFu4uxM=") -> #REF! | U2: =AND('Pay Bill'!#REF!,"AAAAAFu4uxQ=") -> #REF! | V2: =AND('Pay Bill'!#REF!,"AAAAAFu4uxU=") -> #REF! | W2: =AND('Pay Bill'!#REF!,"AAAAAFu4uxY=") -> #REF! | X2: =AND('Pay Bill'!#REF!,"AAAAAFu4uxc=") -> #REF! | Y2: =AND('Pay Bill'!#REF!,"AAAAAFu4uxg=") -> #REF! | Z2: =AND('Pay Bill'!#REF!,"AAAAAFu4uxk=") -> #REF! | AA2: =AND('Pay Bill'!#REF!,"AAAAAFu4uxo=") -> #REF! | AB2: =AND('Pay Bill'!#REF!,"AAAAAFu4uxs=") -> #REF! | AC2: =AND('Pay Bill'!#REF!,"AAAAAFu4uxw=") -> #REF! | AD2: =AND('Pay Bill'!#REF!,"AAAAAFu4ux0=") -> #REF! | AE2: =IF('Pay Bill'!13:13,"AAAAAFu4ux4=",0) -> 0 | AF2: =AND('Pay Bill'!A13,"AAAAAFu4ux8=") -> #VALUE! | AG2: =AND('Pay Bill'!B13,"AAAAAFu4uyA=") -> #VALUE! | AH2: =AND('Pay Bill'!C13,"AAAAAFu4uyE=") -> #VALUE! | AI2: =AND('Pay Bill'!D13,"AAAAAFu4uyI=") -> #VALUE! | AJ2: =AND('Pay Bill'!E13,"AAAAAFu4uyM=") -> #VALUE! | AK2: =AND('Pay Bill'!F13,"AAAAAFu4uyQ=") -> #VALUE! | AL2: =AND('Pay Bill'!G13,"AAAAAFu4uyU=") -> #VALUE! | AM2: =AND('Pay Bill'!H13,"AAAAAFu4uyY=") -> #VALUE! | AN2: =AND('Pay Bill'!I13,"AAAAAFu4uyc=") -> #VALUE! | AO2: =AND('Pay Bill'!J13,"AAAAAFu4uyg=") -> #VALUE! | AP2: =AND('Pay Bill'!#REF!,"AAAAAFu4uyk=") -> #REF! | AQ2: =AND('Pay Bill'!#REF!,"AAAAAFu4uyo=") -> #REF! | AR2: =AND('Pay Bill'!#REF!,"AAAAAFu4uys=") -> #REF! | AS2: =AND('Pay Bill'!K13,"AAAAAFu4uyw=") -> #VALUE! | AT2: =AND('Pay Bill'!L13,"AAAAAFu4uy0=") -> #VALUE! | AU2: =AND('Pay Bill'!M13,"AAAAAFu4uy4=") -> #VALUE! | AV2: =AND('Pay Bill'!#REF!,"AAAAAFu4uy8=") -> #REF! | AW2: =AND('Pay Bill'!#REF!,"AAAAAFu4uzA=") -> #REF! | AX2: =AND('Pay Bill'!#REF!,"AAAAAFu4uzE=") -> #REF! | AY2: =AND('Pay Bill'!#REF!,"AAAAAFu4uzI=") -> #REF! | AZ2: =AND('Pay Bill'!N13,"AAAAAFu4uzM=") -> #VALUE! | BA2: =IF('Pay Bill'!#REF!,"AAAAAFu4uzQ=",0) -> #REF! | BB2: =AND('Pay Bill'!#REF!,"AAAAAFu4uzU=") -> #REF! | BC2: =AND('Pay Bill'!#REF!,"AAAAAFu4uzY=") -> #REF! | BD2: =AND('Pay Bill'!#REF!,"AAAAAFu4uzc=") -> #REF! | BE2: =AND('Pay Bill'!#REF!,"AAAAAFu4uzg=") -> #REF! | BF2: =AND('Pay Bill'!#REF!,"AAAAAFu4uzk=") -> #REF! | BG2: =AND('Pay Bill'!#REF!,"AAAAAFu4uzo=") -> #REF! | BH2: =AND('Pay Bill'!#REF!,"AAAAAFu4uzs=") -> #REF! | BI2: =AND('Pay Bill'!#REF!,"AAAAAFu4uzw=") -> #REF! | BJ2: =AND('Pay Bill'!#REF!,"AAAAAFu4uz0=") -> #REF! | BK2: =AND('Pay Bill'!#REF!,"AAAAAFu4uz4=") -> #REF! | BL2: =AND('Pay Bill'!#REF!,"AAAAAFu4uz8=") -> #REF! | BM2: =AND('Pay Bill'!#REF!,"AAAAAFu4u0A=") -> #REF! | BN2: =AND('Pay Bill'!#REF!,"AAAAAFu4u0E=") -> #REF! | BO2: =AND('Pay Bill'!#REF!,"AAAAAFu4u0I=") -> #REF! | BP2: =AND('Pay Bill'!#REF!,"AAAAAFu4u0M=") -> #REF! | BQ2: =AND('Pay Bill'!#REF!,"AAAAAFu4u0Q=") -> #REF! | BR2: =AND('Pay Bill'!#REF!,"AAAAAFu4u0U=") -> #REF! | BS2: =AND('Pay Bill'!#REF!,"AAAAAFu4u0Y=") -> #REF! | BT2: =AND('Pay Bill'!#REF!,"AAAAAFu4u0c=") -> #REF! | BU2: =AND('Pay Bill'!#REF!,"AAAAAFu4u0g=") -> #REF! | BV2: =AND('Pay Bill'!#REF!,"AAAAAFu4u0k=") -> #REF! | BW2: =IF('Pay Bill'!#REF!,"AAAAAFu4u0o=",0) -> #REF! | BX2: =AND('Pay Bill'!#REF!,"AAAAAFu4u0s=") -> #REF! | BY2: =AND('Pay Bill'!#REF!,"AAAAAFu4u0w=") -> #REF! | BZ2: =AND('Pay Bill'!#REF!,"AAAAAFu4u00=") -> #REF! | CA2: =AND('Pay Bill'!#REF!,"AAAAAFu4u04=") -> #REF! | CB2: =AND('Pay Bill'!#REF!,"AAAAAFu4u08=") -> #REF! | CC2: =AND('Pay Bill'!#REF!,"AAAAAFu4u1A=") -> #REF! | CD2: =AND('Pay Bill'!#REF!,"AAAAAFu4u1E=") -> #REF! | CE2: =AND('Pay Bill'!#REF!,"AAAAAFu4u1I=") -> #REF! | CF2: =AND('Pay Bill'!#REF!,"AAAAAFu4u1M=") -> #REF! | CG2: =AND('Pay Bill'!#REF!,"AAAAAFu4u1Q=") -> #REF! | CH2: =AND('Pay Bill'!#REF!,"AAAAAFu4u1U=") -> #REF! | CI2: =AND('Pay Bill'!#REF!,"AAAAAFu4u1Y=") -> #REF! | CJ2: =AND('Pay Bill'!#REF!,"AAAAAFu4u1c=") -> #REF! | CK2: =AND('Pay Bill'!#REF!,"AAAAAFu4u1g=") -> #REF! | CL2: =AND('Pay Bill'!#REF!,"AAAAAFu4u1k=") -> #REF! | CM2: =AND('Pay Bill'!#REF!,"AAAAAFu4u1o=") -> #REF! | CN2: =AND('Pay Bill'!#REF!,"AAAAAFu4u1s=") -> #REF! | CO2: =AND('Pay Bill'!#REF!,"AAAAAFu4u1w=") -> #REF! | CP2: =AND('Pay Bill'!#REF!,"AAAAAFu4u10=") -> #REF! | CQ2: =AND('Pay Bill'!#REF!,"AAAAAFu4u14=") -> #REF! | CR2: =AND('Pay Bill'!#REF!,"AAAAAFu4u18=") -> #REF! | CS2: =IF('Pay Bill'!#REF!,"AAAAAFu4u2A=",0) -> #REF! | CT2: =AND('Pay Bill'!#REF!,"AAAAAFu4u2E=") -> #REF! | CU2: =AND('Pay Bill'!#REF!,"AAAAAFu4u2I=") -> #REF! | CV2: =AND('Pay Bill'!#REF!,"AAAAAFu4u2M=") -> #REF! | CW2: =AND('Pay Bill'!#REF!,"AAAAAFu4u2Q=") -> #REF! | CX2: =AND('Pay Bill'!#REF!,"AAAAAFu4u2U=") -> #REF! | CY2: =AND('Pay Bill'!#REF!,"AAAAAFu4u2Y=") -> #REF! | CZ2: =AND('Pay Bill'!#REF!,"AAAAAFu4u2c=") -> #REF! | DA2: =AND('Pay Bill'!#REF!,"AAAAAFu4u2g=") -> #REF! | DB2: =AND('Pay Bill'!#REF!,"AAAAAFu4u2k=") -> #REF! | DC2: =AND('Pay Bill'!#REF!,"AAAAAFu4u2o=") -> #REF! | DD2: =AND('Pay Bill'!#REF!,"AAAAAFu4u2s=") -> #REF! | DE2: =AND('Pay Bill'!#REF!,"AAAAAFu4u2w=") -> #REF! | DF2: =AND('Pay Bill'!#REF!,"AAAAAFu4u20=") -> #REF! | DG2: =AND('Pay Bill'!#REF!,"AAAAAFu4u24=") -> #REF! | DH2: =AND('Pay Bill'!#REF!,"AAAAAFu4u28=") -> #REF! | DI2: =AND('Pay Bill'!#REF!,"AAAAAFu4u3A=") -> #REF! | DJ2: =AND('Pay Bill'!#REF!,"AAAAAFu4u3E=") -> #REF! | DK2: =AND('Pay Bill'!#REF!,"AAAAAFu4u3I=") -> #REF! | DL2: =AND('Pay Bill'!#REF!,"AAAAAFu4u3M=") -> #REF! | DM2: =AND('Pay Bill'!#REF!,"AAAAAFu4u3Q=") -> #REF! | DN2: =AND('Pay Bill'!#REF!,"AAAAAFu4u3U=") -> #REF! | DO2: =IF('Pay Bill'!16:16,"AAAAAFu4u3Y=",0) -> 0 | DP2: =AND('Pay Bill'!A16,"AAAAAFu4u3c=") -> #VALUE! | DQ2: =AND('Pay Bill'!B16,"AAAAAFu4u3g=") -> #VALUE! | DR2: =AND('Pay Bill'!C16,"AAAAAFu4u3k=") -> #VALUE! | DS2: =AND('Pay Bill'!D16,"AAAAAFu4u3o=") -> #VALUE! | DT2: =AND('Pay Bill'!E16,"AAAAAFu4u3s=") -> #VALUE! | DU2: =AND('Pay Bill'!F16,"AAAAAFu4u3w=") -> #VALUE! | DV2: =AND('Pay Bill'!G16,"AAAAAFu4u30=") -> #VALUE! | DW2: =AND('Pay Bill'!H16,"AAAAAFu4u34=") -> #VALUE! | DX2: =AND('Pay Bill'!I16,"AAAAAFu4u38=") -> #VALUE! | DY2: =AND('Pay Bill'!J16,"AAAAAFu4u4A=") -> #VALUE! | DZ2: =AND('Pay Bill'!#REF!,"AAAAAFu4u4E=") -> #REF! | EA2: =AND('Pay Bill'!#REF!,"AAAAAFu4u4I=") -> #REF! | EB2: =AND('Pay Bill'!#REF!,"AAAAAFu4u4M=") -> #REF! | EC2: =AND('Pay Bill'!K16,"AAAAAFu4u4Q=") -> #VALUE! | ED2: =AND('Pay Bill'!L16,"AAAAAFu4u4U=") -> #VALUE! | EE2: =AND('Pay Bill'!M16,"AAAAAFu4u4Y=") -> #VALUE! | EF2: =AND('Pay Bill'!#REF!,"AAAAAFu4u4c=") -> #REF! | EG2: =AND('Pay Bill'!#REF!,"AAAAAFu4u4g=") -> #REF! | EH2: =AND('Pay Bill'!#REF!,"AAAAAFu4u4k=") -> #REF! | EI2: =AND('Pay Bill'!#REF!,"AAAAAFu4u4o=") -> #REF! | EJ2: =AND('Pay Bill'!N16,"AAAAAFu4u4s=") -> #VALUE! | EK2: =IF('Pay Bill'!17:17,"AAAAAFu4u4w=",0) -> 0 | EL2: =AND('Pay Bill'!A17,"AAAAAFu4u40=") -> #VALUE! | EM2: =AND('Pay Bill'!B17,"AAAAAFu4u44=") -> #VALUE! | EN2: =AND('Pay Bill'!C17,"AAAAAFu4u48=") -> #VALUE! | EO2: =AND('Pay Bill'!D17,"AAAAAFu4u5A=") -> #VALUE! | EP2: =AND('Pay Bill'!E17,"AAAAAFu4u5E=") -> #VALUE! | EQ2: =AND('Pay Bill'!F17,"AAAAAFu4u5I=") -> #VALUE! | ER2: =AND('Pay Bill'!G17,"AAAAAFu4u5M=") -> #VALUE! | ES2: =AND('Pay Bill'!H17,"AAAAAFu4u5Q=") -> #VALUE! | ET2: =AND('Pay Bill'!I17,"AAAAAFu4u5U=") -> #VALUE! | EU2: =AND('Pay Bill'!J17,"AAAAAFu4u5Y=") -> #VALUE! | EV2: =AND('Pay Bill'!#REF!,"AAAAAFu4u5c=") -> #REF! | EW2: =AND('Pay Bill'!#REF!,"AAAAAFu4u5g=") -> #REF! | EX2: =AND('Pay Bill'!#REF!,"AAAAAFu4u5k=") -> #REF! | EY2: =AND('Pay Bill'!K17,"AAAAAFu4u5o=") -> #VALUE! | EZ2: =AND('Pay Bill'!L17,"AAAAAFu4u5s=") -> #VALUE! | FA2: =AND('Pay Bill'!M17,"AAAAAFu4u5w=") -> #VALUE! | FB2: =AND('Pay Bill'!#REF!,"AAAAAFu4u50=") -> #REF! | FC2: =AND('Pay Bill'!#REF!,"AAAAAFu4u54=") -> #REF! | FD2: =AND('Pay Bill'!#REF!,"AAAAAFu4u58=") -> #REF! | FE2: =AND('Pay Bill'!#REF!,"AAAAAFu4u6A=") -> #REF! | FF2: =AND('Pay Bill'!N17,"AAAAAFu4u6E=") -> #VALUE! | FG2: =IF('Pay Bill'!#REF!,"AAAAAFu4u6I=",0) -> #REF! | FH2: =AND('Pay Bill'!#REF!,"AAAAAFu4u6M=") -> #REF! | FI2: =AND('Pay Bill'!#REF!,"AAAAAFu4u6Q=") -> #REF! | FJ2: =AND('Pay Bill'!#REF!,"AAAAAFu4u6U=") -> #REF! | FK2: =AND('Pay Bill'!#REF!,"AAAAAFu4u6Y=") -> #REF! | FL2: =AND('Pay Bill'!#REF!,"AAAAAFu4u6c=") -> #REF! | FM2: =AND('Pay Bill'!#REF!,"AAAAAFu4u6g=") -> #REF! | FN2: =AND('Pay Bill'!#REF!,"AAAAAFu4u6k=") -> #REF! | FO2: =AND('Pay Bill'!#REF!,"AAAAAFu4u6o=") -> #REF! | FP2: =AND('Pay Bill'!#REF!,"AAAAAFu4u6s=") -> #REF! | FQ2: =AND('Pay Bill'!#REF!,"AAAAAFu4u6w=") -> #REF! | FR2: =AND('Pay Bill'!#REF!,"AAAAAFu4u60=") -> #REF! | FS2: =AND('Pay Bill'!#REF!,"AAAAAFu4u64=") -> #REF! | FT2: =AND('Pay Bill'!#REF!,"AAAAAFu4u68=") -> #REF! | FU2: =AND('Pay Bill'!#REF!,"AAAAAFu4u7A=") -> #REF! | FV2: =AND('Pay Bill'!#REF!,"AAAAAFu4u7E=") -> #REF! | FW2: =AND('Pay Bill'!#REF!,"AAAAAFu4u7I=") -> #REF! | FX2: =AND('Pay Bill'!#REF!,"AAAAAFu4u7M=") -> #REF! | FY2: =AND('Pay Bill'!#REF!,"AAAAAFu4u7Q=") -> #REF! | FZ2: =AND('Pay Bill'!#REF!,"AAAAAFu4u7U=") -> #REF! | GA2: =AND('Pay Bill'!#REF!,"AAAAAFu4u7Y=") -> #REF! | GB2: =AND('Pay Bill'!#REF!,"AAAAAFu4u7c=") -> #REF! | GC2: =IF('Pay Bill'!19:19,"AAAAAFu4u7g=",0) -> 0 | GD2: =AND('Pay Bill'!A19,"AAAAAFu4u7k=") -> #VALUE! | GE2: =AND('Pay Bill'!B19,"AAAAAFu4u7o=") -> #VALUE! | GF2: =AND('Pay Bill'!C19,"AAAAAFu4u7s=") -> #VALUE! | GG2: =AND('Pay Bill'!D19,"AAAAAFu4u7w=") -> #VALUE! | GH2: =AND('Pay Bill'!E19,"AAAAAFu4u70=") -> #VALUE! | GI2: =AND('Pay Bill'!F19,"AAAAAFu4u74=") -> #VALUE! | GJ2: =AND('Pay Bill'!#REF!,"AAAAAFu4u78=") -> #REF! | GK2: =AND('Pay Bill'!H19,"AAAAAFu4u8A=") -> #VALUE! | GL2: =AND('Pay Bill'!I19,"AAAAAFu4u8E=") -> #VALUE! | GM2: =AND('Pay Bill'!J19,"AAAAAFu4u8I=") -> #VALUE! | GN2: =AND('Pay Bill'!#REF!,"AAAAAFu4u8M=") -> #REF! | GO2: =AND('Pay Bill'!#REF!,"AAAAAFu4u8Q=") -> #REF! | GP2: =AND('Pay Bill'!#REF!,"AAAAAFu4u8U=") -> #REF! | GQ2: =AND('Pay Bill'!K19,"AAAAAFu4u8Y=") -> #VALUE! | GR2: =AND('Pay Bill'!L19,"AAAAAFu4u8c=") -> #VALUE! | GS2: =AND('Pay Bill'!M19,"AAAAAFu4u8g=") -> #VALUE! | GT2: =AND('Pay Bill'!#REF!,"AAAAAFu4u8k=") -> #REF! | GU2: =AND('Pay Bill'!#REF!,"AAAAAFu4u8o=") -> #REF! | GV2: =AND('Pay Bill'!#REF!,"AAAAAFu4u8s=") -> #REF! | GW2: =AND('Pay Bill'!#REF!,"AAAAAFu4u8w=") -> #REF! | GX2: =AND('Pay Bill'!N19,"AAAAAFu4u80=") -> #VALUE! | GY2: =IF('Pay Bill'!#REF!,"AAAAAFu4u84=",0) -> #REF! | GZ2: =AND('Pay Bill'!#REF!,"AAAAAFu4u88=") -> #REF! | HA2: =AND('Pay Bill'!#REF!,"AAAAAFu4u9A=") -> #REF! | HB2: =AND('Pay Bill'!#REF!,"AAAAAFu4u9E=") -> #REF! | HC2: =AND('Pay Bill'!#REF!,"AAAAAFu4u9I=") -> #REF! | HD2: =AND('Pay Bill'!#REF!,"AAAAAFu4u9M=") -> #REF! | HE2: =AND('Pay Bill'!#REF!,"AAAAAFu4u9Q=") -> #REF! | HF2: =AND('Pay Bill'!G19,"AAAAAFu4u9U=") -> #VALUE! | HG2: =AND('Pay Bill'!#REF!,"AAAAAFu4u9Y=") -> #REF! | HH2: =AND('Pay Bill'!#REF!,"AAAAAFu4u9c=") -> #REF! | HI2: =AND('Pay Bill'!#REF!,"AAAAAFu4u9g=") -> #REF! | HJ2: =AND('Pay Bill'!#REF!,"AAAAAFu4u9k=") -> #REF! | HK2: =AND('Pay Bill'!#REF!,"AAAAAFu4u9o=") -> #REF! | HL2: =AND('Pay Bill'!#REF!,"AAAAAFu4u9s=") -> #REF! | HM2: =AND('Pay Bill'!#REF!,"AAAAAFu4u9w=") -> #REF! | HN2: =AND('Pay Bill'!#REF!,"AAAAAFu4u90=") -> #REF! | HO2: =AND('Pay Bill'!#REF!,"AAAAAFu4u94=") -> #REF! | HP2: =AND('Pay Bill'!#REF!,"AAAAAFu4u98=") -> #REF! | HQ2: =AND('Pay Bill'!#REF!,"AAAAAFu4u+A=") -> #REF! | HR2: =AND('Pay Bill'!#REF!,"AAAAAFu4u+E=") -> #REF! | HS2: =AND('Pay Bill'!#REF!,"AAAAAFu4u+I=") -> #REF! | HT2: =AND('Pay Bill'!#REF!,"AAAAAFu4u+M=") -> #REF! | HU2: =IF('Pay Bill'!22:22,"AAAAAFu4u+Q=",0) -> 0 | HV2: =AND('Pay Bill'!A22,"AAAAAFu4u+U=") -> #VALUE! | HW2: =AND('Pay Bill'!B22,"AAAAAFu4u+Y=") -> #VALUE! | HX2: =AND('Pay Bill'!C22,"AAAAAFu4u+c=") -> #VALUE! | HY2: =AND('Pay Bill'!D22,"AAAAAFu4u+g=") -> #VALUE! | HZ2: =AND('Pay Bill'!E22,"AAAAAFu4u+k=") -> #VALUE! | IA2: =AND('Pay Bill'!F22,"AAAAAFu4u+o=") -> #VALUE! | IB2: =AND('Pay Bill'!#REF!,"AAAAAFu4u+s=") -> #REF! | IC2: =AND('Pay Bill'!H22,"AAAAAFu4u+w=") -> #VALUE! | ID2: =AND('Pay Bill'!I22,"AAAAAFu4u+0=") -> #VALUE! | IE2: =AND('Pay Bill'!J22,"AAAAAFu4u+4=") -> #VALUE! | IF2: =AND('Pay Bill'!#REF!,"AAAAAFu4u+8=") -> #REF! | IG2: =AND('Pay Bill'!#REF!,"AAAAAFu4u/A=") -> #REF! | IH2: =AND('Pay Bill'!#REF!,"AAAAAFu4u/E=") -> #REF! | II2: =AND('Pay Bill'!K22,"AAAAAFu4u/I=") -> #VALUE! | IJ2: =AND('Pay Bill'!L22,"AAAAAFu4u/M=") -> #VALUE! | IK2: =AND('Pay Bill'!M22,"AAAAAFu4u/Q=") -> #VALUE! | IL2: =AND('Pay Bill'!#REF!,"AAAAAFu4u/U=") -> #REF! | IM2: =AND('Pay Bill'!#REF!,"AAAAAFu4u/Y=") -> #REF! | IN2: =AND('Pay Bill'!#REF!,"AAAAAFu4u/c=") -> #REF! | IO2: =AND('Pay Bill'!#REF!,"AAAAAFu4u/g=") -> #REF! | IP2: =AND('Pay Bill'!N22,"AAAAAFu4u/k=") -> #VALUE! | IQ2: =IF('Pay Bill'!23:23,"AAAAAFu4u/o=",0) -> 0 | IR2: =AND('Pay Bill'!A23,"AAAAAFu4u/s=") -> #VALUE! | IS2: =AND('Pay Bill'!B23,"AAAAAFu4u/w=") -> #VALUE! | IT2: =AND('Pay Bill'!C23,"AAAAAFu4u/0=") -> #VALUE! | IU2: =AND('Pay Bill'!D23,"AAAAAFu4u/4=") -> #VALUE! | IV2: =AND('Pay Bill'!E23,"AAAAAFu4u/8=") -> #VALUE!
A3: =AND('Pay Bill'!F23,"AAAAAD//ZAA=") -> #VALUE! | B3: =AND('Pay Bill'!G22,"AAAAAD//ZAE=") -> #VALUE! | C3: =AND('Pay Bill'!H23,"AAAAAD//ZAI=") -> #VALUE! | D3: =AND('Pay Bill'!I23,"AAAAAD//ZAM=") -> #VALUE! | E3: =AND('Pay Bill'!J23,"AAAAAD//ZAQ=") -> #VALUE! | F3: =AND('Pay Bill'!#REF!,"AAAAAD//ZAU=") -> #REF! | G3: =AND('Pay Bill'!#REF!,"AAAAAD//ZAY=") -> #REF! | H3: =AND('Pay Bill'!#REF!,"AAAAAD//ZAc=") -> #REF! | I3: =AND('Pay Bill'!K23,"AAAAAD//ZAg=") -> #VALUE! | J3: =AND('Pay Bill'!L23,"AAAAAD//ZAk=") -> #VALUE! | K3: =AND('Pay Bill'!M23,"AAAAAD//ZAo=") -> #VALUE! | L3: =AND('Pay Bill'!#REF!,"AAAAAD//ZAs=") -> #REF! | M3: =AND('Pay Bill'!#REF!,"AAAAAD//ZAw=") -> #REF! | N3: =AND('Pay Bill'!#REF!,"AAAAAD//ZA0=") -> #REF! | O3: =AND('Pay Bill'!#REF!,"AAAAAD//ZA4=") -> #REF! | P3: =AND('Pay Bill'!N23,"AAAAAD//ZA8=") -> #VALUE! | Q3: =IF('Pay Bill'!24:24,"AAAAAD//ZBA=",0) -> 0 | R3: =AND('Pay Bill'!A24,"AAAAAD//ZBE=") -> #VALUE! | S3: =AND('Pay Bill'!B24,"AAAAAD//ZBI=") -> #VALUE! | T3: =AND('Pay Bill'!C24,"AAAAAD//ZBM=") -> #VALUE! | U3: =AND('Pay Bill'!D24,"AAAAAD//ZBQ=") -> #VALUE! | V3: =AND('Pay Bill'!E24,"AAAAAD//ZBU=") -> #VALUE! | W3: =AND('Pay Bill'!F24,"AAAAAD//ZBY=") -> #VALUE! | X3: =AND('Pay Bill'!G23,"AAAAAD//ZBc=") -> #VALUE! | Y3: =AND('Pay Bill'!H24,"AAAAAD//ZBg=") -> #VALUE! | Z3: =AND('Pay Bill'!I24,"AAAAAD//ZBk=") -> #VALUE! | AA3: =AND('Pay Bill'!J24,"AAAAAD//ZBo=") -> #VALUE! | AB3: =AND('Pay Bill'!#REF!,"AAAAAD//ZBs=") -> #REF! | AC3: =AND('Pay Bill'!#REF!,"AAAAAD//ZBw=") -> #REF! | AD3: =AND('Pay Bill'!#REF!,"AAAAAD//ZB0=") -> #REF! | AE3: =AND('Pay Bill'!K24,"AAAAAD//ZB4=") -> #VALUE! | AF3: =AND('Pay Bill'!L24,"AAAAAD//ZB8=") -> #VALUE! | AG3: =AND('Pay Bill'!M24,"AAAAAD//ZCA=") -> #VALUE! | AH3: =AND('Pay Bill'!#REF!,"AAAAAD//ZCE=") -> #REF! | AI3: =AND('Pay Bill'!#REF!,"AAAAAD//ZCI=") -> #REF! | AJ3: =AND('Pay Bill'!#REF!,"AAAAAD//ZCM=") -> #REF! | AK3: =AND('Pay Bill'!#REF!,"AAAAAD//ZCQ=") -> #REF! | AL3: =AND('Pay Bill'!N24,"AAAAAD//ZCU=") -> #VALUE! | AM3: =IF('Pay Bill'!#REF!,"AAAAAD//ZCY=",0) -> #REF! | AN3: =AND('Pay Bill'!#REF!,"AAAAAD//ZCc=") -> #REF! | AO3: =AND('Pay Bill'!#REF!,"AAAAAD//ZCg=") -> #REF! | AP3: =AND('Pay Bill'!#REF!,"AAAAAD//ZCk=") -> #REF! | AQ3: =AND('Pay Bill'!#REF!,"AAAAAD//ZCo=") -> #REF! | AR3: =AND('Pay Bill'!#REF!,"AAAAAD//ZCs=") -> #REF! | AS3: =AND('Pay Bill'!#REF!,"AAAAAD//ZCw=") -> #REF! | AT3: =AND('Pay Bill'!#REF!,"AAAAAD//ZC0=") -> #REF! | AU3: =AND('Pay Bill'!#REF!,"AAAAAD//ZC4=") -> #REF! | AV3: =AND('Pay Bill'!#REF!,"AAAAAD//ZC8=") -> #REF! | AW3: =AND('Pay Bill'!#REF!,"AAAAAD//ZDA=") -> #REF! | AX3: =AND('Pay Bill'!#REF!,"AAAAAD//ZDE=") -> #REF! | AY3: =AND('Pay Bill'!#REF!,"AAAAAD//ZDI=") -> #REF! | AZ3: =AND('Pay Bill'!#REF!,"AAAAAD//ZDM=") -> #REF! | BA3: =AND('Pay Bill'!#REF!,"AAAAAD//ZDQ=") -> #REF! | BB3: =AND('Pay Bill'!#REF!,"AAAAAD//ZDU=") -> #REF! | BC3: =AND('Pay Bill'!#REF!,"AAAAAD//ZDY=") -> #REF! | BD3: =AND('Pay Bill'!#REF!,"AAAAAD//ZDc=") -> #REF! | BE3: =AND('Pay Bill'!#REF!,"AAAAAD//ZDg=") -> #REF! | BF3: =AND('Pay Bill'!#REF!,"AAAAAD//ZDk=") -> #REF! | BG3: =AND('Pay Bill'!#REF!,"AAAAAD//ZDo=") -> #REF! | BH3: =AND('Pay Bill'!#REF!,"AAAAAD//ZDs=") -> #REF! | BI3: =IF('Pay Bill'!25:25,"AAAAAD//ZDw=",0) -> 0 | BJ3: =AND('Pay Bill'!A25,"AAAAAD//ZD0=") -> #VALUE! | BK3: =AND('Pay Bill'!B25,"AAAAAD//ZD4=") -> #VALUE! | BL3: =AND('Pay Bill'!C25,"AAAAAD//ZD8=") -> #VALUE! | BM3: =AND('Pay Bill'!D25,"AAAAAD//ZEA=") -> #VALUE! | BN3: =AND('Pay Bill'!E25,"AAAAAD//ZEE=") -> #VALUE! | BO3: =AND('Pay Bill'!F25,"AAAAAD//ZEI=") -> #VALUE! | BP3: =AND('Pay Bill'!G25,"AAAAAD//ZEM=") -> #VALUE! | BQ3: =AND('Pay Bill'!H25,"AAAAAD//ZEQ=") -> #VALUE! | BR3: =AND('Pay Bill'!I25,"AAAAAD//ZEU=") -> #VALUE! | BS3: =AND('Pay Bill'!J25,"AAAAAD//ZEY=") -> #VALUE! | BT3: =AND('Pay Bill'!#REF!,"AAAAAD//ZEc=") -> #REF! | BU3: =AND('Pay Bill'!#REF!,"AAAAAD//ZEg=") -> #REF! | BV3: =AND('Pay Bill'!#REF!,"AAAAAD//ZEk=") -> #REF! | BW3: =AND('Pay Bill'!K25,"AAAAAD//ZEo=") -> #VALUE! | BX3: =AND('Pay Bill'!L25,"AAAAAD//ZEs=") -> #VALUE! | BY3: =AND('Pay Bill'!M25,"AAAAAD//ZEw=") -> #VALUE! | BZ3: =AND('Pay Bill'!#REF!,"AAAAAD//ZE0=") -> #REF! | CA3: =AND('Pay Bill'!#REF!,"AAAAAD//ZE4=") -> #REF! | CB3: =AND('Pay Bill'!#REF!,"AAAAAD//ZE8=") -> #REF! | CC3: =AND('Pay Bill'!#REF!,"AAAAAD//ZFA=") -> #REF! | CD3: =AND('Pay Bill'!N25,"AAAAAD//ZFE=") -> #VALUE! | CE3: =IF('Pay Bill'!#REF!,"AAAAAD//ZFI=",0) -> #REF! | CF3: =AND('Pay Bill'!#REF!,"AAAAAD//ZFM=") -> #REF! | CG3: =AND('Pay Bill'!#REF!,"AAAAAD//ZFQ=") -> #REF! | CH3: =AND('Pay Bill'!#REF!,"AAAAAD//ZFU=") -> #REF! | CI3: =AND('Pay Bill'!#REF!,"AAAAAD//ZFY=") -> #REF! | CJ3: =AND('Pay Bill'!#REF!,"AAAAAD//ZFc=") -> #REF! | CK3: =AND('Pay Bill'!#REF!,"AAAAAD//ZFg=") -> #REF! | CL3: =AND('Pay Bill'!#REF!,"AAAAAD//ZFk=") -> #REF! | CM3: =AND('Pay Bill'!#REF!,"AAAAAD//ZFo=") -> #REF! | CN3: =AND('Pay Bill'!#REF!,"AAAAAD//ZFs=") -> #REF! | CO3: =AND('Pay Bill'!#REF!,"AAAAAD//ZFw=") -> #REF! | CP3: =AND('Pay Bill'!#REF!,"AAAAAD//ZF0=") -> #REF! | CQ3: =AND('Pay Bill'!#REF!,"AAAAAD//ZF4=") -> #REF! | CR3: =AND('Pay Bill'!#REF!,"AAAAAD//ZF8=") -> #REF! | CS3: =AND('Pay Bill'!#REF!,"AAAAAD//ZGA=") -> #REF! | CT3: =AND('Pay Bill'!#REF!,"AAAAAD//ZGE=") -> #REF! | CU3: =AND('Pay Bill'!#REF!,"AAAAAD//ZGI=") -> #REF! | CV3: =AND('Pay Bill'!#REF!,"AAAAAD//ZGM=") -> #REF! | CW3: =AND('Pay Bill'!#REF!,"AAAAAD//ZGQ=") -> #REF! | CX3: =AND('Pay Bill'!#REF!,"AAAAAD//ZGU=") -> #REF! | CY3: =AND('Pay Bill'!#REF!,"AAAAAD//ZGY=") -> #REF! | CZ3: =AND('Pay Bill'!#REF!,"AAAAAD//ZGc=") -> #REF! | DA3: =IF('Pay Bill'!27:27,"AAAAAD//ZGg=",0) -> 0 | DB3: =AND('Pay Bill'!A27,"AAAAAD//ZGk=") -> #VALUE! | DC3: =AND('Pay Bill'!B27,"AAAAAD//ZGo=") -> #VALUE! | DD3: =AND('Pay Bill'!C27,"AAAAAD//ZGs=") -> #VALUE! | DE3: =AND('Pay Bill'!D27,"AAAAAD//ZGw=") -> #VALUE! | DF3: =AND('Pay Bill'!E27,"AAAAAD//ZG0=") -> #VALUE! | DG3: =AND('Pay Bill'!F27,"AAAAAD//ZG4=") -> #VALUE! | DH3: =AND('Pay Bill'!G27,"AAAAAD//ZG8=") -> #VALUE! | DI3: =AND('Pay Bill'!H27,"AAAAAD//ZHA=") -> #VALUE! | DJ3: =AND('Pay Bill'!I27,"AAAAAD//ZHE=") -> #VALUE! | DK3: =AND('Pay Bill'!J27,"AAAAAD//ZHI=") -> #VALUE! | DL3: =AND('Pay Bill'!#REF!,"AAAAAD//ZHM=") -> #REF! | DM3: =AND('Pay Bill'!#REF!,"AAAAAD//ZHQ=") -> #REF! | DN3: =AND('Pay Bill'!#REF!,"AAAAAD//ZHU=") -> #REF! | DO3: =AND('Pay Bill'!K27,"AAAAAD//ZHY=") -> #VALUE! | DP3: =AND('Pay Bill'!L27,"AAAAAD//ZHc=") -> #VALUE! | DQ3: =AND('Pay Bill'!M27,"AAAAAD//ZHg=") -> #VALUE! | DR3: =AND('Pay Bill'!#REF!,"AAAAAD//ZHk=") -> #REF! | DS3: =AND('Pay Bill'!#REF!,"AAAAAD//ZHo=") -> #REF! | DT3: =AND('Pay Bill'!#REF!,"AAAAAD//ZHs=") -> #REF! | DU3: =AND('Pay Bill'!#REF!,"AAAAAD//ZHw=") -> #REF! | DV3: =AND('Pay Bill'!N27,"AAAAAD//ZH0=") -> #VALUE! | DW3: =IF('Pay Bill'!#REF!,"AAAAAD//ZH4=",0) -> #REF! | DX3: =AND('Pay Bill'!#REF!,"AAAAAD//ZH8=") -> #REF! | DY3: =AND('Pay Bill'!#REF!,"AAAAAD//ZIA=") -> #REF! | DZ3: =AND('Pay Bill'!#REF!,"AAAAAD//ZIE=") -> #REF! | EA3: =AND('Pay Bill'!#REF!,"AAAAAD//ZII=") -> #REF! | EB3: =AND('Pay Bill'!#REF!,"AAAAAD//ZIM=") -> #REF! | EC3: =AND('Pay Bill'!#REF!,"AAAAAD//ZIQ=") -> #REF! | ED3: =AND('Pay Bill'!#REF!,"AAAAAD//ZIU=") -> #REF! | EE3: =AND('Pay Bill'!#REF!,"AAAAAD//ZIY=") -> #REF! | EF3: =AND('Pay Bill'!#REF!,"AAAAAD//ZIc=") -> #REF! | EG3: =AND('Pay Bill'!#REF!,"AAAAAD//ZIg=") -> #REF! | EH3: =AND('Pay Bill'!#REF!,"AAAAAD//ZIk=") -> #REF! | EI3: =AND('Pay Bill'!#REF!,"AAAAAD//ZIo=") -> #REF! | EJ3: =AND('Pay Bill'!#REF!,"AAAAAD//ZIs=") -> #REF! | EK3: =AND('Pay Bill'!#REF!,"AAAAAD//ZIw=") -> #REF! | EL3: =AND('Pay Bill'!#REF!,"AAAAAD//ZI0=") -> #REF! | EM3: =AND('Pay Bill'!#REF!,"AAAAAD//ZI4=") -> #REF! | EN3: =AND('Pay Bill'!#REF!,"AAAAAD//ZI8=") -> #REF! | EO3: =AND('Pay Bill'!#REF!,"AAAAAD//ZJA=") -> #REF! | EP3: =AND('Pay Bill'!#REF!,"AAAAAD//ZJE=") -> #REF! | EQ3: =AND('Pay Bill'!#REF!,"AAAAAD//ZJI=") -> #REF! | ER3: =AND('Pay Bill'!#REF!,"AAAAAD//ZJM=") -> #REF! | ES3: =IF('Pay Bill'!29:29,"AAAAAD//ZJQ=",0) -> 0 | ET3: =AND('Pay Bill'!A29,"AAAAAD//ZJU=") -> #VALUE! | EU3: =AND('Pay Bill'!B29,"AAAAAD//ZJY=") -> #VALUE! | EV3: =AND('Pay Bill'!C29,"AAAAAD//ZJc=") -> #VALUE! | EW3: =AND('Pay Bill'!D29,"AAAAAD//ZJg=") -> #VALUE! | EX3: =AND('Pay Bill'!E29,"AAAAAD//ZJk=") -> #VALUE! | EY3: =AND('Pay Bill'!F29,"AAAAAD//ZJo=") -> #VALUE! | EZ3: =AND('Pay Bill'!G29,"AAAAAD//ZJs=") -> #VALUE! | FA3: =AND('Pay Bill'!H29,"AAAAAD//ZJw=") -> #VALUE! | FB3: =AND('Pay Bill'!I29,"AAAAAD//ZJ0=") -> #VALUE! | FC3: =AND('Pay Bill'!J29,"AAAAAD//ZJ4=") -> #VALUE! | FD3: =AND('Pay Bill'!#REF!,"AAAAAD//ZJ8=") -> #REF! | FE3: =AND('Pay Bill'!#REF!,"AAAAAD//ZKA=") -> #REF! | FF3: =AND('Pay Bill'!#REF!,"AAAAAD//ZKE=") -> #REF! | FG3: =AND('Pay Bill'!K29,"AAAAAD//ZKI=") -> #VALUE! | FH3: =AND('Pay Bill'!L29,"AAAAAD//ZKM=") -> #VALUE! | FI3: =AND('Pay Bill'!M29,"AAAAAD//ZKQ=") -> #VALUE! | FJ3: =AND('Pay Bill'!#REF!,"AAAAAD//ZKU=") -> #REF! | FK3: =AND('Pay Bill'!#REF!,"AAAAAD//ZKY=") -> #REF! | FL3: =AND('Pay Bill'!#REF!,"AAAAAD//ZKc=") -> #REF! | FM3: =AND('Pay Bill'!#REF!,"AAAAAD//ZKg=") -> #REF! | FN3: =AND('Pay Bill'!N29,"AAAAAD//ZKk=") -> #VALUE! | FO3: =IF('Pay Bill'!30:30,"AAAAAD//ZKo=",0) -> 0 | FP3: =AND('Pay Bill'!A30,"AAAAAD//ZKs=") -> #VALUE! | FQ3: =AND('Pay Bill'!B30,"AAAAAD//ZKw=") -> #VALUE! | FR3: =AND('Pay Bill'!C30,"AAAAAD//ZK0=") -> #VALUE! | FS3: =AND('Pay Bill'!D30,"AAAAAD//ZK4=") -> #VALUE! | FT3: =AND('Pay Bill'!E30,"AAAAAD//ZK8=") -> #VALUE! | FU3: =AND('Pay Bill'!F30,"AAAAAD//ZLA=") -> #VALUE! | FV3: =AND('Pay Bill'!G30,"AAAAAD//ZLE=") -> #VALUE! | FW3: =AND('Pay Bill'!H30,"AAAAAD//ZLI=") -> #VALUE! | FX3: =AND('Pay Bill'!I30,"AAAAAD//ZLM=") -> #VALUE! | FY3: =AND('Pay Bill'!J30,"AAAAAD//ZLQ=") -> #VALUE! | FZ3: =AND('Pay Bill'!#REF!,"AAAAAD//ZLU=") -> #REF! | GA3: =AND('Pay Bill'!#REF!,"AAAAAD//ZLY=") -> #REF! | GB3: =AND('Pay Bill'!#REF!,"AAAAAD//ZLc=") -> #REF! | GC3: =AND('Pay Bill'!K30,"AAAAAD//ZLg=") -> #VALUE! | GD3: =AND('Pay Bill'!L30,"AAAAAD//ZLk=") -> #VALUE! | GE3: =AND('Pay Bill'!M30,"AAAAAD//ZLo=") -> #VALUE! | GF3: =AND('Pay Bill'!#REF!,"AAAAAD//ZLs=") -> #REF! | GG3: =AND('Pay Bill'!#REF!,"AAAAAD//ZLw=") -> #REF! | GH3: =AND('Pay Bill'!#REF!,"AAAAAD//ZL0=") -> #REF! | GI3: =AND('Pay Bill'!#REF!,"AAAAAD//ZL4=") -> #REF! | GJ3: =AND('Pay Bill'!N30,"AAAAAD//ZL8=") -> #VALUE! | GK3: =IF('Pay Bill'!31:31,"AAAAAD//ZMA=",0) -> 0 | GL3: =AND('Pay Bill'!A31,"AAAAAD//ZME=") -> #VALUE! | GM3: =AND('Pay Bill'!B31,"AAAAAD//ZMI=") -> #VALUE! | GN3: =AND('Pay Bill'!C31,"AAAAAD//ZMM=") -> #VALUE! | GO3: =AND('Pay Bill'!D31,"AAAAAD//ZMQ=") -> #VALUE! | GP3: =AND('Pay Bill'!E31,"AAAAAD//ZMU=") -> #VALUE! | GQ3: =AND('Pay Bill'!F31,"AAAAAD//ZMY=") -> #VALUE! | GR3: =AND('Pay Bill'!G31,"AAAAAD//ZMc=") -> #VALUE! | GS3: =AND('Pay Bill'!H31,"AAAAAD//ZMg=") -> #VALUE! | GT3: =AND('Pay Bill'!I31,"AAAAAD//ZMk=") -> #VALUE! | GU3: =AND('Pay Bill'!J31,"AAAAAD//ZMo=") -> #VALUE! | GV3: =AND('Pay Bill'!#REF!,"AAAAAD//ZMs=") -> #REF! | GW3: =AND('Pay Bill'!#REF!,"AAAAAD//ZMw=") -> #REF! | GX3: =AND('Pay Bill'!#REF!,"AAAAAD//ZM0=") -> #REF! | GY3: =AND('Pay Bill'!K31,"AAAAAD//ZM4=") -> #VALUE! | GZ3: =AND('Pay Bill'!L31,"AAAAAD//ZM8=") -> #VALUE! | HA3: =AND('Pay Bill'!M31,"AAAAAD//ZNA=") -> #VALUE! | HB3: =AND('Pay Bill'!#REF!,"AAAAAD//ZNE=") -> #REF! | HC3: =AND('Pay Bill'!#REF!,"AAAAAD//ZNI=") -> #REF! | HD3: =AND('Pay Bill'!#REF!,"AAAAAD//ZNM=") -> #REF! | HE3: =AND('Pay Bill'!#REF!,"AAAAAD//ZNQ=") -> #REF! | HF3: =AND('Pay Bill'!N31,"AAAAAD//ZNU=") -> #VALUE! | HG3: =IF('Pay Bill'!32:32,"AAAAAD//ZNY=",0) -> 0 | HH3: =AND('Pay Bill'!A32,"AAAAAD//ZNc=") -> #VALUE! | HI3: =AND('Pay Bill'!B32,"AAAAAD//ZNg=") -> #VALUE! | HJ3: =AND('Pay Bill'!C32,"AAAAAD//ZNk=") -> #VALUE! | HK3: =AND('Pay Bill'!D32,"AAAAAD//ZNo=") -> #VALUE! | HL3: =AND('Pay Bill'!E32,"AAAAAD//ZNs=") -> #VALUE! | HM3: =AND('Pay Bill'!F32,"AAAAAD//ZNw=") -> #VALUE! | HN3: =AND('Pay Bill'!G32,"AAAAAD//ZN0=") -> #VALUE! | HO3: =AND('Pay Bill'!H32,"AAAAAD//ZN4=") -> #VALUE! | HP3: =AND('Pay Bill'!I32,"AAAAAD//ZN8=") -> #VALUE! | HQ3: =AND('Pay Bill'!J32,"AAAAAD//ZOA=") -> #VALUE! | HR3: =AND('Pay Bill'!#REF!,"AAAAAD//ZOE=") -> #REF! | HS3: =AND('Pay Bill'!#REF!,"AAAAAD//ZOI=") -> #REF! | HT3: =AND('Pay Bill'!#REF!,"AAAAAD//ZOM=") -> #REF! | HU3: =AND('Pay Bill'!K32,"AAAAAD//ZOQ=") -> #VALUE! | HV3: =AND('Pay Bill'!L32,"AAAAAD//ZOU=") -> #VALUE! | HW3: =AND('Pay Bill'!M32,"AAAAAD//ZOY=") -> #VALUE! | HX3: =AND('Pay Bill'!#REF!,"AAAAAD//ZOc=") -> #REF! | HY3: =AND('Pay Bill'!#REF!,"AAAAAD//ZOg=") -> #REF! | HZ3: =AND('Pay Bill'!#REF!,"AAAAAD//ZOk=") -> #REF! | IA3: =AND('Pay Bill'!#REF!,"AAAAAD//ZOo=") -> #REF! | IB3: =AND('Pay Bill'!N32,"AAAAAD//ZOs=") -> #VALUE! | IC3: =IF('Pay Bill'!38:38,"AAAAAD//ZOw=",0) -> 0 | ID3: =AND('Pay Bill'!A38,"AAAAAD//ZO0=") -> #VALUE! | IE3: =AND('Pay Bill'!B38,"AAAAAD//ZO4=") -> #VALUE! | IF3: =AND('Pay Bill'!C38,"AAAAAD//ZO8=") -> #VALUE! | IG3: =AND('Pay Bill'!D38,"AAAAAD//ZPA=") -> #VALUE! | IH3: =AND('Pay Bill'!E38,"AAAAAD//ZPE=") -> #VALUE! | II3: =AND('Pay Bill'!F38,"AAAAAD//ZPI=") -> #VALUE! | IJ3: =AND('Pay Bill'!G38,"AAAAAD//ZPM=") -> #VALUE! | IK3: =AND('Pay Bill'!H38,"AAAAAD//ZPQ=") -> #VALUE! | IL3: =AND('Pay Bill'!I38,"AAAAAD//ZPU=") -> #VALUE! | IM3: =AND('Pay Bill'!J38,"AAAAAD//ZPY=") -> #VALUE! | IN3: =AND('Pay Bill'!#REF!,"AAAAAD//ZPc=") -> #REF! | IO3: =AND('Pay Bill'!#REF!,"AAAAAD//ZPg=") -> #REF! | IP3: =AND('Pay Bill'!#REF!,"AAAAAD//ZPk=") -> #REF! | IQ3: =AND('Pay Bill'!K38,"AAAAAD//ZPo=") -> #VALUE! | IR3: =AND('Pay Bill'!L38,"AAAAAD//ZPs=") -> #VALUE! | IS3: =AND('Pay Bill'!M38,"AAAAAD//ZPw=") -> #VALUE! | IT3: =AND('Pay Bill'!#REF!,"AAAAAD//ZP0=") -> #REF! | IU3: =AND('Pay Bill'!#REF!,"AAAAAD//ZP4=") -> #REF! | IV3: =AND('Pay Bill'!#REF!,"AAAAAD//ZP8=") -> #REF!
A4: =AND('Pay Bill'!#REF!,"AAAAAFBt1QA=") -> #REF! | B4: =AND('Pay Bill'!N38,"AAAAAFBt1QE=") -> #VALUE! | C4: =IF('Pay Bill'!39:39,"AAAAAFBt1QI=",0) -> 0 | D4: =AND('Pay Bill'!A39,"AAAAAFBt1QM=") -> #VALUE! | E4: =AND('Pay Bill'!B39,"AAAAAFBt1QQ=") -> #VALUE! | F4: =AND('Pay Bill'!C39,"AAAAAFBt1QU=") -> #VALUE! | G4: =AND('Pay Bill'!D39,"AAAAAFBt1QY=") -> #VALUE! | H4: =AND('Pay Bill'!E39,"AAAAAFBt1Qc=") -> #VALUE! | I4: =AND('Pay Bill'!F39,"AAAAAFBt1Qg=") -> #VALUE! | J4: =AND('Pay Bill'!G39,"AAAAAFBt1Qk=") -> #VALUE! | K4: =AND('Pay Bill'!H39,"AAAAAFBt1Qo=") -> #VALUE! | L4: =AND('Pay Bill'!I39,"AAAAAFBt1Qs=") -> #VALUE! | M4: =AND('Pay Bill'!J39,"AAAAAFBt1Qw=") -> #VALUE! | N4: =AND('Pay Bill'!#REF!,"AAAAAFBt1Q0=") -> #REF! | O4: =AND('Pay Bill'!#REF!,"AAAAAFBt1Q4=") -> #REF! | P4: =AND('Pay Bill'!#REF!,"AAAAAFBt1Q8=") -> #REF! | Q4: =AND('Pay Bill'!K39,"AAAAAFBt1RA=") -> #VALUE! | R4: =AND('Pay Bill'!L39,"AAAAAFBt1RE=") -> #VALUE! | S4: =AND('Pay Bill'!M39,"AAAAAFBt1RI=") -> #VALUE! | T4: =AND('Pay Bill'!#REF!,"AAAAAFBt1RM=") -> #REF! | U4: =AND('Pay Bill'!#REF!,"AAAAAFBt1RQ=") -> #REF! | V4: =AND('Pay Bill'!#REF!,"AAAAAFBt1RU=") -> #REF! | W4: =AND('Pay Bill'!#REF!,"AAAAAFBt1RY=") -> #REF! | X4: =AND('Pay Bill'!N39,"AAAAAFBt1Rc=") -> #VALUE! | Y4: =IF('Pay Bill'!40:40,"AAAAAFBt1Rg=",0) -> 0 | Z4: =AND('Pay Bill'!A40,"AAAAAFBt1Rk=") -> #VALUE! | AA4: =AND('Pay Bill'!B40,"AAAAAFBt1Ro=") -> #VALUE! | AB4: =AND('Pay Bill'!C40,"AAAAAFBt1Rs=") -> #VALUE! | AC4: =AND('Pay Bill'!D40,"AAAAAFBt1Rw=") -> #VALUE! | AD4: =AND('Pay Bill'!E40,"AAAAAFBt1R0=") -> #VALUE! | AE4: =AND('Pay Bill'!F40,"AAAAAFBt1R4=") -> #VALUE! | AF4: =AND('Pay Bill'!G40,"AAAAAFBt1R8=") -> #VALUE! | AG4: =AND('Pay Bill'!H40,"AAAAAFBt1SA=") -> #VALUE! | AH4: =AND('Pay Bill'!I40,"AAAAAFBt1SE=") -> #VALUE! | AI4: =AND('Pay Bill'!J40,"AAAAAFBt1SI=") -> #VALUE! | AJ4: =AND('Pay Bill'!#REF!,"AAAAAFBt1SM=") -> #REF! | AK4: =AND('Pay Bill'!#REF!,"AAAAAFBt1SQ=") -> #REF! | AL4: =AND('Pay Bill'!#REF!,"AAAAAFBt1SU=") -> #REF! | AM4: =AND('Pay Bill'!K40,"AAAAAFBt1SY=") -> #VALUE! | AN4: =AND('Pay Bill'!L40,"AAAAAFBt1Sc=") -> #VALUE! | AO4: =AND('Pay Bill'!M40,"AAAAAFBt1Sg=") -> #VALUE! | AP4: =AND('Pay Bill'!#REF!,"AAAAAFBt1Sk=") -> #REF! | AQ4: =AND('Pay Bill'!#REF!,"AAAAAFBt1So=") -> #REF! | AR4: =AND('Pay Bill'!#REF!,"AAAAAFBt1Ss=") -> #REF! | AS4: =AND('Pay Bill'!#REF!,"AAAAAFBt1Sw=") -> #REF! | AT4: =AND('Pay Bill'!N40,"AAAAAFBt1S0=") -> #VALUE! | AU4: =IF('Pay Bill'!41:41,"AAAAAFBt1S4=",0) -> 0 | AV4: =AND('Pay Bill'!A41,"AAAAAFBt1S8=") -> #VALUE! | AW4: =AND('Pay Bill'!B41,"AAAAAFBt1TA=") -> #VALUE! | AX4: =AND('Pay Bill'!C41,"AAAAAFBt1TE=") -> #VALUE! | AY4: =AND('Pay Bill'!D41,"AAAAAFBt1TI=") -> #VALUE! | AZ4: =AND('Pay Bill'!E41,"AAAAAFBt1TM=") -> #VALUE! | BA4: =AND('Pay Bill'!F41,"AAAAAFBt1TQ=") -> #VALUE! | BB4: =AND('Pay Bill'!G41,"AAAAAFBt1TU=") -> #VALUE! | BC4: =AND('Pay Bill'!H41,"AAAAAFBt1TY=") -> #VALUE! | BD4: =AND('Pay Bill'!I41,"AAAAAFBt1Tc=") -> #VALUE! | BE4: =AND('Pay Bill'!J41,"AAAAAFBt1Tg=") -> #VALUE! | BF4: =AND('Pay Bill'!#REF!,"AAAAAFBt1Tk=") -> #REF! | BG4: =AND('Pay Bill'!#REF!,"AAAAAFBt1To=") -> #REF! | BH4: =AND('Pay Bill'!#REF!,"AAAAAFBt1Ts=") -> #REF! | BI4: =AND('Pay Bill'!K41,"AAAAAFBt1Tw=") -> #VALUE! | BJ4: =AND('Pay Bill'!L41,"AAAAAFBt1T0=") -> #VALUE! | BK4: =AND('Pay Bill'!M41,"AAAAAFBt1T4=") -> #VALUE! | BL4: =AND('Pay Bill'!#REF!,"AAAAAFBt1T8=") -> #REF! | BM4: =AND('Pay Bill'!#REF!,"AAAAAFBt1UA=") -> #REF! | BN4: =AND('Pay Bill'!#REF!,"AAAAAFBt1UE=") -> #REF! | BO4: =AND('Pay Bill'!#REF!,"AAAAAFBt1UI=") -> #REF! | BP4: =AND('Pay Bill'!N41,"AAAAAFBt1UM=") -> #VALUE! | BQ4: =IF('Pay Bill'!42:42,"AAAAAFBt1UQ=",0) -> 0 | BR4: =IF('Pay Bill'!43:43,"AAAAAFBt1UU=",0) -> 0 | BS4: =IF('Pay Bill'!44:44,"AAAAAFBt1UY=",0) -> 0 | BT4: =IF('Pay Bill'!45:45,"AAAAAFBt1Uc=",0) -> 0 | BU4: =IF('Pay Bill'!46:46,"AAAAAFBt1Ug=",0) -> 0 | BV4: =IF('Pay Bill'!47:47,"AAAAAFBt1Uk=",0) -> 0 | BW4: =IF('Pay Bill'!48:48,"AAAAAFBt1Uo=",0) -> 0 | BX4: =IF('Pay Bill'!49:49,"AAAAAFBt1Us=",0) -> 0 | BY4: =IF('Pay Bill'!50:50,"AAAAAFBt1Uw=",0) -> 0 | BZ4: =IF('Pay Bill'!51:51,"AAAAAFBt1U0=",0) -> 0 | CA4: =IF('Pay Bill'!52:52,"AAAAAFBt1U4=",0) -> 0 | CB4: =IF('Pay Bill'!53:53,"AAAAAFBt1U8=",0) -> 0 | CC4: =IF('Pay Bill'!54:54,"AAAAAFBt1VA=",0) -> 0 | CD4: =IF('Pay Bill'!55:55,"AAAAAFBt1VE=",0) -> 0 | CE4: =IF('Pay Bill'!56:56,"AAAAAFBt1VI=",0) -> 0 | CF4: =IF('Pay Bill'!57:57,"AAAAAFBt1VM=",0) -> 0 | CG4: =IF('Pay Bill'!58:58,"AAAAAFBt1VQ=",0) -> 0 | CH4: =IF('Pay Bill'!59:59,"AAAAAFBt1VU=",0) -> 0 | CI4: =IF('Pay Bill'!60:60,"AAAAAFBt1VY=",0) -> 0 | CJ4: =IF('Pay Bill'!61:61,"AAAAAFBt1Vc=",0) -> 0 | CK4: =IF('Pay Bill'!62:62,"AAAAAFBt1Vg=",0) -> 0 | CL4: =IF('Pay Bill'!63:63,"AAAAAFBt1Vk=",0) -> 0 | CM4: =IF('Pay Bill'!64:64,"AAAAAFBt1Vo=",0) -> 0 | CN4: =IF('Pay Bill'!65:65,"AAAAAFBt1Vs=",0) -> 0 | CO4: =IF('Pay Bill'!66:66,"AAAAAFBt1Vw=",0) -> 0 | CP4: =IF('Pay Bill'!67:67,"AAAAAFBt1V0=",0) -> 0 | CQ4: =IF('Pay Bill'!68:68,"AAAAAFBt1V4=",0) -> 0 | CR4: =IF('Pay Bill'!69:69,"AAAAAFBt1V8=",0) -> 0 | CS4: =IF('Pay Bill'!70:70,"AAAAAFBt1WA=",0) -> 0 | CT4: =IF('Pay Bill'!71:71,"AAAAAFBt1WE=",0) -> 0 | CU4: =IF('Pay Bill'!72:72,"AAAAAFBt1WI=",0) -> 0 | CV4: =IF('Pay Bill'!73:73,"AAAAAFBt1WM=",0) -> 0 | CW4: =IF('Pay Bill'!74:74,"AAAAAFBt1WQ=",0) -> 0 | CX4: =IF('Pay Bill'!75:75,"AAAAAFBt1WU=",0) -> 0 | CY4: =IF('Pay Bill'!76:76,"AAAAAFBt1WY=",0) -> 0 | CZ4: =IF('Pay Bill'!77:77,"AAAAAFBt1Wc=",0) -> 0 | DA4: =IF('Pay Bill'!78:78,"AAAAAFBt1Wg=",0) -> 0 | DB4: =IF('Pay Bill'!79:79,"AAAAAFBt1Wk=",0) -> 0 | DC4: =IF('Pay Bill'!80:80,"AAAAAFBt1Wo=",0) -> 0 | DD4: =IF('Pay Bill'!81:81,"AAAAAFBt1Ws=",0) -> 0 | DE4: =IF('Pay Bill'!82:82,"AAAAAFBt1Ww=",0) -> 0 | DF4: =IF('Pay Bill'!83:83,"AAAAAFBt1W0=",0) -> 0 | DG4: =IF('Pay Bill'!84:84,"AAAAAFBt1W4=",0) -> 0 | DH4: =IF('Pay Bill'!85:85,"AAAAAFBt1W8=",0) -> 0 | DI4: =IF('Pay Bill'!86:86,"AAAAAFBt1XA=",0) -> 0 | DJ4: =IF('Pay Bill'!87:87,"AAAAAFBt1XE=",0) -> 0 | DK4: =IF('Pay Bill'!88:88,"AAAAAFBt1XI=",0) -> 0 | DL4: =IF('Pay Bill'!89:89,"AAAAAFBt1XM=",0) -> 0 | DM4: =IF('Pay Bill'!90:90,"AAAAAFBt1XQ=",0) -> 0 | DN4: =IF('Pay Bill'!91:91,"AAAAAFBt1XU=",0) -> 0 | DO4: =IF('Pay Bill'!92:92,"AAAAAFBt1XY=",0) -> 0 | DP4: =IF('Pay Bill'!93:93,"AAAAAFBt1Xc=",0) -> 0 | DQ4: =IF('Pay Bill'!94:94,"AAAAAFBt1Xg=",0) -> 0 | DR4: =IF('Pay Bill'!95:95,"AAAAAFBt1Xk=",0) -> 0 | DS4: =IF('Pay Bill'!96:96,"AAAAAFBt1Xo=",0) -> 0 | DT4: =IF('Pay Bill'!97:97,"AAAAAFBt1Xs=",0) -> 0 | DU4: =IF('Pay Bill'!98:98,"AAAAAFBt1Xw=",0) -> 0 | DV4: =IF('Pay Bill'!99:99,"AAAAAFBt1X0=",0) -> 0 | DW4: =IF('Pay Bill'!100:100,"AAAAAFBt1X4=",0) -> 0 | DX4: =IF('Pay Bill'!101:101,"AAAAAFBt1X8=",0) -> 0 | DY4: =IF('Pay Bill'!102:102,"AAAAAFBt1YA=",0) -> 0 | DZ4: =IF('Pay Bill'!103:103,"AAAAAFBt1YE=",0) -> 0 | EA4: =IF('Pay Bill'!104:104,"AAAAAFBt1YI=",0) -> 0 | EB4: =IF('Pay Bill'!105:105,"AAAAAFBt1YM=",0) -> 0 | EC4: =IF('Pay Bill'!106:106,"AAAAAFBt1YQ=",0) -> 0 | ED4: =IF('Pay Bill'!A:A,"AAAAAFBt1YU=",0) -> #VALUE! | EE4: =IF('Pay Bill'!B:B,"AAAAAFBt1YY=",0) -> 0 | EF4: =IF('Pay Bill'!C:C,"AAAAAFBt1Yc=",0) -> 0 | EG4: =IF('Pay Bill'!D:D,"AAAAAFBt1Yg=",0) -> 0 | EH4: =IF('Pay Bill'!E:E,"AAAAAFBt1Yk=",0) -> 0 | EI4: =IF('Pay Bill'!F:F,"AAAAAFBt1Yo=",0) -> 0 | EJ4: =IF('Pay Bill'!G:G,"AAAAAFBt1Ys=",0) -> 0 | EK4: =IF('Pay Bill'!H:H,"AAAAAFBt1Yw=",0) -> 0 | EL4: =IF('Pay Bill'!I:I,"AAAAAFBt1Y0=",0) -> 0 | EM4: =IF('Pay Bill'!J:J,"AAAAAFBt1Y4=",0) -> 0 | EN4: =IF('Pay Bill'!#REF!,"AAAAAFBt1Y8=",0) -> #REF! | EO4: =IF('Pay Bill'!#REF!,"AAAAAFBt1ZA=",0) -> #REF! | EP4: =IF('Pay Bill'!#REF!,"AAAAAFBt1ZE=",0) -> #REF! | EQ4: =IF('Pay Bill'!K:K,"AAAAAFBt1ZI=",0) -> 0 | ER4: =IF('Pay Bill'!L:L,"AAAAAFBt1ZM=",0) -> 0 | ES4: =IF('Pay Bill'!M:M,"AAAAAFBt1ZQ=",0) -> 0 | ET4: =IF('Pay Bill'!#REF!,"AAAAAFBt1ZU=",0) -> #REF! | EU4: =IF('Pay Bill'!#REF!,"AAAAAFBt1ZY=",0) -> #REF! | EV4: =IF('Pay Bill'!#REF!,"AAAAAFBt1Zc=",0) -> #REF! | EW4: =IF('Pay Bill'!#REF!,"AAAAAFBt1Zg=",0) -> #REF! | EX4: =IF('Pay Bill'!N:N,"AAAAAFBt1Zk=",0) -> 0 | EY4: AAAAAFBt1Zo=
A5: =IF(#REF!,"AAAAAC34ewA=",0) -> #REF! | B5: =AND(#REF!,"AAAAAC34ewE=") -> #REF! | C5: =AND(#REF!,"AAAAAC34ewI=") -> #REF! | D5: =AND(#REF!,"AAAAAC34ewM=") -> #REF! | E5: =AND(#REF!,"AAAAAC34ewQ=") -> #REF! | F5: =AND(#REF!,"AAAAAC34ewU=") -> #REF! | G5: =AND(#REF!,"AAAAAC34ewY=") -> #REF! | H5: =AND(#REF!,"AAAAAC34ewc=") -> #REF! | I5: =AND(#REF!,"AAAAAC34ewg=") -> #REF! | J5: =AND(#REF!,"AAAAAC34ewk=") -> #REF! | K5: =AND(#REF!,"AAAAAC34ewo=") -> #REF! | L5: =IF(#REF!,"AAAAAC34ews=",0) -> #REF! | M5: =AND(#REF!,"AAAAAC34eww=") -> #REF! | N5: =AND(#REF!,"AAAAAC34ew0=") -> #REF! | O5: =AND(#REF!,"AAAAAC34ew4=") -> #REF! | P5: =AND(#REF!,"AAAAAC34ew8=") -> #REF! | Q5: =AND(#REF!,"AAAAAC34exA=") -> #REF! | R5: =AND(#REF!,"AAAAAC34exE=") -> #REF! | S5: =AND(#REF!,"AAAAAC34exI=") -> #REF! | T5: =AND(#REF!,"AAAAAC34exM=") -> #REF! | U5: =AND(#REF!,"AAAAAC34exQ=") -> #REF! | V5: =AND(#REF!,"AAAAAC34exU=") -> #REF! | W5: =IF(#REF!,"AAAAAC34exY=",0) -> #REF! | X5: =AND(#REF!,"AAAAAC34exc=") -> #REF! | Y5: =AND(#REF!,"AAAAAC34exg=") -> #REF! | Z5: =AND(#REF!,"AAAAAC34exk=") -> #REF! | AA5: =AND(#REF!,"AAAAAC34exo=") -> #REF! | AB5: =AND(#REF!,"AAAAAC34exs=") -> #REF! | AC5: =AND(#REF!,"AAAAAC34exw=") -> #REF! | AD5: =AND(#REF!,"AAAAAC34ex0=") -> #REF! | AE5: =AND(#REF!,"AAAAAC34ex4=") -> #REF! | AF5: =AND(#REF!,"AAAAAC34ex8=") -> #REF! | AG5: =AND(#REF!,"AAAAAC34eyA=") -> #REF! | AH5: =IF(#REF!,"AAAAAC34eyE=",0) -> #REF! | AI5: =AND(#REF!,"AAAAAC34eyI=") -> #REF! | AJ5: =AND(#REF!,"AAAAAC34eyM=") -> #REF! | AK5: =AND(#REF!,"AAAAAC34eyQ=") -> #REF! | AL5: =AND(#REF!,"AAAAAC34eyU=") -> #REF! | AM5: =AND(#REF!,"AAAAAC34eyY=") -> #REF! | AN5: =AND(#REF!,"AAAAAC34eyc=") -> #REF! | AO5: =AND(#REF!,"AAAAAC34eyg=") -> #REF! | AP5: =AND(#REF!,"AAAAAC34eyk=") -> #REF! | AQ5: =AND(#REF!,"AAAAAC34eyo=") -> #REF! | AR5: =AND(#REF!,"AAAAAC34eys=") -> #REF! | AS5: =IF(#REF!,"AAAAAC34eyw=",0) -> #REF! | AT5: =AND(#REF!,"AAAAAC34ey0=") -> #REF! | AU5: =AND(#REF!,"AAAAAC34ey4=") -> #REF! | AV5: =AND(#REF!,"AAAAAC34ey8=") -> #REF! | AW5: =AND(#REF!,"AAAAAC34ezA=") -> #REF! | AX5: =AND(#REF!,"AAAAAC34ezE=") -> #REF! | AY5: =AND(#REF!,"AAAAAC34ezI=") -> #REF! | AZ5: =AND(#REF!,"AAAAAC34ezM=") -> #REF! | BA5: =AND(#REF!,"AAAAAC34ezQ=") -> #REF! | BB5: =AND(#REF!,"AAAAAC34ezU=") -> #REF! | BC5: =AND(#REF!,"AAAAAC34ezY=") -> #REF! | BD5: =IF(#REF!,"AAAAAC34ezc=",0) -> #REF! | BE5: =AND(#REF!,"AAAAAC34ezg=") -> #REF! | BF5: =AND(#REF!,"AAAAAC34ezk=") -> #REF! | BG5: =AND(#REF!,"AAAAAC34ezo=") -> #REF! | BH5: =AND(#REF!,"AAAAAC34ezs=") -> #REF! | BI5: =AND(#REF!,"AAAAAC34ezw=") -> #REF! | BJ5: =AND(#REF!,"AAAAAC34ez0=") -> #REF! | BK5: =AND(#REF!,"AAAAAC34ez4=") -> #REF! | BL5: =AND(#REF!,"AAAAAC34ez8=") -> #REF! | BM5: =AND(#REF!,"AAAAAC34e0A=") -> #REF! | BN5: =AND(#REF!,"AAAAAC34e0E=") -> #REF! | BO5: =IF(#REF!,"AAAAAC34e0I=",0) -> #REF! | BP5: =AND(#REF!,"AAAAAC34e0M=") -> #REF! | BQ5: =AND(#REF!,"AAAAAC34e0Q=") -> #REF! | BR5: =AND(#REF!,"AAAAAC34e0U=") -> #REF! | BS5: =AND(#REF!,"AAAAAC34e0Y=") -> #REF! | BT5: =AND(#REF!,"AAAAAC34e0c=") -> #REF! | BU5: =AND(#REF!,"AAAAAC34e0g=") -> #REF! | BV5: =AND(#REF!,"AAAAAC34e0k=") -> #REF! | BW5: =AND(#REF!,"AAAAAC34e0o=") -> #REF! | BX5: =AND(#REF!,"AAAAAC34e0s=") -> #REF! | BY5: =AND(#REF!,"AAAAAC34e0w=") -> #REF! | BZ5: =IF(#REF!,"AAAAAC34e00=",0) -> #REF! | CA5: =AND(#REF!,"AAAAAC34e04=") -> #REF! | CB5: =AND(#REF!,"AAAAAC34e08=") -> #REF! | CC5: =AND(#REF!,"AAAAAC34e1A=") -> #REF! | CD5: =AND(#REF!,"AAAAAC34e1E=") -> #REF! | CE5: =AND(#REF!,"AAAAAC34e1I=") -> #REF! | CF5: =AND(#REF!,"AAAAAC34e1M=") -> #REF! | CG5: =AND(#REF!,"AAAAAC34e1Q=") -> #REF! | CH5: =AND(#REF!,"AAAAAC34e1U=") -> #REF! | CI5: =AND(#REF!,"AAAAAC34e1Y=") -> #REF! | CJ5: =AND(#REF!,"AAAAAC34e1c=") -> #REF! | CK5: =IF(#REF!,"AAAAAC34e1g=",0) -> #REF! | CL5: =AND(#REF!,"AAAAAC34e1k=") -> #REF! | CM5: =AND(#REF!,"AAAAAC34e1o=") -> #REF! | CN5: =AND(#REF!,"AAAAAC34e1s=") -> #REF! | CO5: =AND(#REF!,"AAAAAC34e1w=") -> #REF! | CP5: =AND(#REF!,"AAAAAC34e10=") -> #REF! | CQ5: =AND(#REF!,"AAAAAC34e14=") -> #REF! | CR5: =AND(#REF!,"AAAAAC34e18=") -> #REF! | CS5: =AND(#REF!,"AAAAAC34e2A=") -> #REF! | CT5: =AND(#REF!,"AAAAAC34e2E=") -> #REF! | CU5: =AND(#REF!,"AAAAAC34e2I=") -> #REF! | CV5: =IF(#REF!,"AAAAAC34e2M=",0) -> #REF! | CW5: =AND(#REF!,"AAAAAC34e2Q=") -> #REF! | CX5: =AND(#REF!,"AAAAAC34e2U=") -> #REF! | CY5: =AND(#REF!,"AAAAAC34e2Y=") -> #REF! | CZ5: =AND(#REF!,"AAAAAC34e2c=") -> #REF! | DA5: =AND(#REF!,"AAAAAC34e2g=") -> #REF! | DB5: =AND(#REF!,"AAAAAC34e2k=") -> #REF! | DC5: =AND(#REF!,"AAAAAC34e2o=") -> #REF! | DD5: =AND(#REF!,"AAAAAC34e2s=") -> #REF! | DE5: =AND(#REF!,"AAAAAC34e2w=") -> #REF! | DF5: =AND(#REF!,"AAAAAC34e20=") -> #REF! | DG5: =IF(#REF!,"AAAAAC34e24=",0) -> #REF! | DH5: =AND(#REF!,"AAAAAC34e28=") -> #REF! | DI5: =AND(#REF!,"AAAAAC34e3A=") -> #REF! | DJ5: =AND(#REF!,"AAAAAC34e3E=") -> #REF! | DK5: =AND(#REF!,"AAAAAC34e3I=") -> #REF! | DL5: =AND(#REF!,"AAAAAC34e3M=") -> #REF! | DM5: =AND(#REF!,"AAAAAC34e3Q=") -> #REF! | DN5: =AND(#REF!,"AAAAAC34e3U=") -> #REF! | DO5: =AND(#REF!,"AAAAAC34e3Y=") -> #REF! | DP5: =AND(#REF!,"AAAAAC34e3c=") -> #REF! | DQ5: =AND(#REF!,"AAAAAC34e3g=") -> #REF! | DR5: =IF(#REF!,"AAAAAC34e3k=",0) -> #REF! | DS5: =AND(#REF!,"AAAAAC34e3o=") -> #REF! | DT5: =AND(#REF!,"AAAAAC34e3s=") -> #REF! | DU5: =AND(#REF!,"AAAAAC34e3w=") -> #REF! | DV5: =AND(#REF!,"AAAAAC34e30=") -> #REF! | DW5: =AND(#REF!,"AAAAAC34e34=") -> #REF! | DX5: =AND(#REF!,"AAAAAC34e38=") -> #REF! | DY5: =AND(#REF!,"AAAAAC34e4A=") -> #REF! | DZ5: =AND(#REF!,"AAAAAC34e4E=") -> #REF! | EA5: =AND(#REF!,"AAAAAC34e4I=") -> #REF! | EB5: =AND(#REF!,"AAAAAC34e4M=") -> #REF! | EC5: =IF(#REF!,"AAAAAC34e4Q=",0) -> #REF! | ED5: =AND(#REF!,"AAAAAC34e4U=") -> #REF! | EE5: =AND(#REF!,"AAAAAC34e4Y=") -> #REF! | EF5: =AND(#REF!,"AAAAAC34e4c=") -> #REF! | EG5: =AND(#REF!,"AAAAAC34e4g=") -> #REF! | EH5: =AND(#REF!,"AAAAAC34e4k=") -> #REF! | EI5: =AND(#REF!,"AAAAAC34e4o=") -> #REF! | EJ5: =AND(#REF!,"AAAAAC34e4s=") -> #REF! | EK5: =AND(#REF!,"AAAAAC34e4w=") -> #REF! | EL5: =AND(#REF!,"AAAAAC34e40=") -> #REF! | EM5: =AND(#REF!,"AAAAAC34e44=") -> #REF! | EN5: =IF(#REF!,"AAAAAC34e48=",0) -> #REF! | EO5: =AND(#REF!,"AAAAAC34e5A=") -> #REF! | EP5: =AND(#REF!,"AAAAAC34e5E=") -> #REF! | EQ5: =AND(#REF!,"AAAAAC34e5I=") -> #REF! | ER5: =AND(#REF!,"AAAAAC34e5M=") -> #REF! | ES5: =AND(#REF!,"AAAAAC34e5Q=") -> #REF! | ET5: =AND(#REF!,"AAAAAC34e5U=") -> #REF! | EU5: =AND(#REF!,"AAAAAC34e5Y=") -> #REF! | EV5: =AND(#REF!,"AAAAAC34e5c=") -> #REF! | EW5: =AND(#REF!,"AAAAAC34e5g=") -> #REF! | EX5: =AND(#REF!,"AAAAAC34e5k=") -> #REF! | EY5: =IF(#REF!,"AAAAAC34e5o=",0) -> #REF! | EZ5: =AND(#REF!,"AAAAAC34e5s=") -> #REF! | FA5: =AND(#REF!,"AAAAAC34e5w=") -> #REF! | FB5: =AND(#REF!,"AAAAAC34e50=") -> #REF! | FC5: =AND(#REF!,"AAAAAC34e54=") -> #REF! | FD5: =AND(#REF!,"AAAAAC34e58=") -> #REF! | FE5: =AND(#REF!,"AAAAAC34e6A=") -> #REF! | FF5: =AND(#REF!,"AAAAAC34e6E=") -> #REF! | FG5: =AND(#REF!,"AAAAAC34e6I=") -> #REF! | FH5: =AND(#REF!,"AAAAAC34e6M=") -> #REF! | FI5: =AND(#REF!,"AAAAAC34e6Q=") -> #REF! | FJ5: =IF(#REF!,"AAAAAC34e6U=",0) -> #REF! | FK5: =AND(#REF!,"AAAAAC34e6Y=") -> #REF! | FL5: =AND(#REF!,"AAAAAC34e6c=") -> #REF! | FM5: =AND(#REF!,"AAAAAC34e6g=") -> #REF! | FN5: =AND(#REF!,"AAAAAC34e6k=") -> #REF! | FO5: =AND(#REF!,"AAAAAC34e6o=") -> #REF! | FP5: =AND(#REF!,"AAAAAC34e6s=") -> #REF! | FQ5: =AND(#REF!,"AAAAAC34e6w=") -> #REF! | FR5: =AND(#REF!,"AAAAAC34e60=") -> #REF! | FS5: =AND(#REF!,"AAAAAC34e64=") -> #REF! | FT5: =AND(#REF!,"AAAAAC34e68=") -> #REF! | FU5: =IF(#REF!,"AAAAAC34e7A=",0) -> #REF! | FV5: =AND(#REF!,"AAAAAC34e7E=") -> #REF! | FW5: =AND(#REF!,"AAAAAC34e7I=") -> #REF! | FX5: =AND(#REF!,"AAAAAC34e7M=") -> #REF! | FY5: =AND(#REF!,"AAAAAC34e7Q=") -> #REF! | FZ5: =AND(#REF!,"AAAAAC34e7U=") -> #REF! | GA5: =AND(#REF!,"AAAAAC34e7Y=") -> #REF! | GB5: =AND(#REF!,"AAAAAC34e7c=") -> #REF! | GC5: =AND(#REF!,"AAAAAC34e7g=") -> #REF! | GD5: =AND(#REF!,"AAAAAC34e7k=") -> #REF! | GE5: =AND(#REF!,"AAAAAC34e7o=") -> #REF! | GF5: =IF(#REF!,"AAAAAC34e7s=",0) -> #REF! | GG5: =AND(#REF!,"AAAAAC34e7w=") -> #REF! | GH5: =AND(#REF!,"AAAAAC34e70=") -> #REF! | GI5: =AND(#REF!,"AAAAAC34e74=") -> #REF! | GJ5: =AND(#REF!,"AAAAAC34e78=") -> #REF! | GK5: =AND(#REF!,"AAAAAC34e8A=") -> #REF! | GL5: =AND(#REF!,"AAAAAC34e8E=") -> #REF! | GM5: =AND(#REF!,"AAAAAC34e8I=") -> #REF! | GN5: =AND(#REF!,"AAAAAC34e8M=") -> #REF! | GO5: =AND(#REF!,"AAAAAC34e8Q=") -> #REF! | GP5: =AND(#REF!,"AAAAAC34e8U=") -> #REF! | GQ5: =IF(#REF!,"AAAAAC34e8Y=",0) -> #REF! | GR5: =AND(#REF!,"AAAAAC34e8c=") -> #REF! | GS5: =AND(#REF!,"AAAAAC34e8g=") -> #REF! | GT5: =AND(#REF!,"AAAAAC34e8k=") -> #REF! | GU5: =AND(#REF!,"AAAAAC34e8o=") -> #REF! | GV5: =AND(#REF!,"AAAAAC34e8s=") -> #REF! | GW5: =AND(#REF!,"AAAAAC34e8w=") -> #REF! | GX5: =AND(#REF!,"AAAAAC34e80=") -> #REF! | GY5: =AND(#REF!,"AAAAAC34e84=") -> #REF! | GZ5: =AND(#REF!,"AAAAAC34e88=") -> #REF! | HA5: =AND(#REF!,"AAAAAC34e9A=") -> #REF! | HB5: =IF(#REF!,"AAAAAC34e9E=",0) -> #REF! | HC5: =AND(#REF!,"AAAAAC34e9I=") -> #REF! | HD5: =AND(#REF!,"AAAAAC34e9M=") -> #REF! | HE5: =AND(#REF!,"AAAAAC34e9Q=") -> #REF! | HF5: =AND(#REF!,"AAAAAC34e9U=") -> #REF! | HG5: =AND(#REF!,"AAAAAC34e9Y=") -> #REF! | HH5: =AND(#REF!,"AAAAAC34e9c=") -> #REF! | HI5: =AND(#REF!,"AAAAAC34e9g=") -> #REF! | HJ5: =AND(#REF!,"AAAAAC34e9k=") -> #REF! | HK5: =AND(#REF!,"AAAAAC34e9o=") -> #REF! | HL5: =AND(#REF!,"AAAAAC34e9s=") -> #REF! | HM5: =IF(#REF!,"AAAAAC34e9w=",0) -> #REF! | HN5: =AND(#REF!,"AAAAAC34e90=") -> #REF! | HO5: =AND(#REF!,"AAAAAC34e94=") -> #REF! | HP5: =AND(#REF!,"AAAAAC34e98=") -> #REF! | HQ5: =AND(#REF!,"AAAAAC34e+A=") -> #REF! | HR5: =AND(#REF!,"AAAAAC34e+E=") -> #REF! | HS5: =AND(#REF!,"AAAAAC34e+I=") -> #REF! | HT5: =AND(#REF!,"AAAAAC34e+M=") -> #REF! | HU5: =AND(#REF!,"AAAAAC34e+Q=") -> #REF! | HV5: =AND(#REF!,"AAAAAC34e+U=") -> #REF! | HW5: =AND(#REF!,"AAAAAC34e+Y=") -> #REF! | HX5: =IF(#REF!,"AAAAAC34e+c=",0) -> #REF! | HY5: =AND(#REF!,"AAAAAC34e+g=") -> #REF! | HZ5: =AND(#REF!,"AAAAAC34e+k=") -> #REF! | IA5: =AND(#REF!,"AAAAAC34e+o=") -> #REF! | IB5: =AND(#REF!,"AAAAAC34e+s=") -> #REF! | IC5: =AND(#REF!,"AAAAAC34e+w=") -> #REF! | ID5: =AND(#REF!,"AAAAAC34e+0=") -> #REF! | IE5: =AND(#REF!,"AAAAAC34e+4=") -> #REF! | IF5: =AND(#REF!,"AAAAAC34e+8=") -> #REF! | IG5: =AND(#REF!,"AAAAAC34e/A=") -> #REF! | IH5: =AND(#REF!,"AAAAAC34e/E=") -> #REF! | II5: =IF(#REF!,"AAAAAC34e/I=",0) -> #REF! | IJ5: =AND(#REF!,"AAAAAC34e/M=") -> #REF! | IK5: =AND(#REF!,"AAAAAC34e/Q=") -> #REF! | IL5: =AND(#REF!,"AAAAAC34e/U=") -> #REF! | IM5: =AND(#REF!,"AAAAAC34e/Y=") -> #REF! | IN5: =AND(#REF!,"AAAAAC34e/c=") -> #REF! | IO5: =AND(#REF!,"AAAAAC34e/g=") -> #REF! | IP5: =AND(#REF!,"AAAAAC34e/k=") -> #REF! | IQ5: =AND(#REF!,"AAAAAC34e/o=") -> #REF! | IR5: =AND(#REF!,"AAAAAC34e/s=") -> #REF! | IS5: =AND(#REF!,"AAAAAC34e/w=") -> #REF! | IT5: =IF(#REF!,"AAAAAC34e/0=",0) -> #REF! | IU5: =AND(#REF!,"AAAAAC34e/4=") -> #REF! | IV5: =AND(#REF!,"AAAAAC34e/8=") -> #REF!
A6: =AND(#REF!,"AAAAAHvv+gA=") -> #REF! | B6: =AND(#REF!,"AAAAAHvv+gE=") -> #REF! | C6: =AND(#REF!,"AAAAAHvv+gI=") -> #REF! | D6: =AND(#REF!,"AAAAAHvv+gM=") -> #REF! | E6: =AND(#REF!,"AAAAAHvv+gQ=") -> #REF! | F6: =AND(#REF!,"AAAAAHvv+gU=") -> #REF! | G6: =AND(#REF!,"AAAAAHvv+gY=") -> #REF! | H6: =AND(#REF!,"AAAAAHvv+gc=") -> #REF! | I6: =IF(#REF!,"AAAAAHvv+gg=",0) -> #REF! | J6: =AND(#REF!,"AAAAAHvv+gk=") -> #REF! | K6: =AND(#REF!,"AAAAAHvv+go=") -> #REF! | L6: =AND(#REF!,"AAAAAHvv+gs=") -> #REF! | M6: =AND(#REF!,"AAAAAHvv+gw=") -> #REF! | N6: =AND(#REF!,"AAAAAHvv+g0=") -> #REF! | O6: =AND(#REF!,"AAAAAHvv+g4=") -> #REF! | P6: =AND(#REF!,"AAAAAHvv+g8=") -> #REF! | Q6: =AND(#REF!,"AAAAAHvv+hA=") -> #REF! | R6: =AND(#REF!,"AAAAAHvv+hE=") -> #REF! | S6: =AND(#REF!,"AAAAAHvv+hI=") -> #REF! | T6: =IF(#REF!,"AAAAAHvv+hM=",0) -> #REF! | U6: =AND(#REF!,"AAAAAHvv+hQ=") -> #REF! | V6: =AND(#REF!,"AAAAAHvv+hU=") -> #REF! | W6: =AND(#REF!,"AAAAAHvv+hY=") -> #REF! | X6: =AND(#REF!,"AAAAAHvv+hc=") -> #REF! | Y6: =AND(#REF!,"AAAAAHvv+hg=") -> #REF! | Z6: =AND(#REF!,"AAAAAHvv+hk=") -> #REF! | AA6: =AND(#REF!,"AAAAAHvv+ho=") -> #REF! | AB6: =AND(#REF!,"AAAAAHvv+hs=") -> #REF! | AC6: =AND(#REF!,"AAAAAHvv+hw=") -> #REF! | AD6: =AND(#REF!,"AAAAAHvv+h0=") -> #REF! | AE6: =IF(#REF!,"AAAAAHvv+h4=",0) -> #REF! | AF6: =AND(#REF!,"AAAAAHvv+h8=") -> #REF! | AG6: =AND(#REF!,"AAAAAHvv+iA=") -> #REF! | AH6: =AND(#REF!,"AAAAAHvv+iE=") -> #REF! | AI6: =AND(#REF!,"AAAAAHvv+iI=") -> #REF! | AJ6: =AND(#REF!,"AAAAAHvv+iM=") -> #REF! | AK6: =AND(#REF!,"AAAAAHvv+iQ=") -> #REF! | AL6: =AND(#REF!,"AAAAAHvv+iU=") -> #REF! | AM6: =AND(#REF!,"AAAAAHvv+iY=") -> #REF! | AN6: =AND(#REF!,"AAAAAHvv+ic=") -> #REF! | AO6: =AND(#REF!,"AAAAAHvv+ig=") -> #REF! | AP6: =IF(#REF!,"AAAAAHvv+ik=",0) -> #REF! | AQ6: =AND(#REF!,"AAAAAHvv+io=") -> #REF! | AR6: =AND(#REF!,"AAAAAHvv+is=") -> #REF! | AS6: =AND(#REF!,"AAAAAHvv+iw=") -> #REF! | AT6: =AND(#REF!,"AAAAAHvv+i0=") -> #REF! | AU6: =AND(#REF!,"AAAAAHvv+i4=") -> #REF! | AV6: =AND(#REF!,"AAAAAHvv+i8=") -> #REF! | AW6: =AND(#REF!,"AAAAAHvv+jA=") -> #REF! | AX6: =AND(#REF!,"AAAAAHvv+jE=") -> #REF! | AY6: =AND(#REF!,"AAAAAHvv+jI=") -> #REF! | AZ6: =AND(#REF!,"AAAAAHvv+jM=") -> #REF! | BA6: =IF(#REF!,"AAAAAHvv+jQ=",0) -> #REF! | BB6: =AND(#REF!,"AAAAAHvv+jU=") -> #REF! | BC6: =AND(#REF!,"AAAAAHvv+jY=") -> #REF! | BD6: =AND(#REF!,"AAAAAHvv+jc=") -> #REF! | BE6: =AND(#REF!,"AAAAAHvv+jg=") -> #REF! | BF6: =AND(#REF!,"AAAAAHvv+jk=") -> #REF! | BG6: =AND(#REF!,"AAAAAHvv+jo=") -> #REF! | BH6: =AND(#REF!,"AAAAAHvv+js=") -> #REF! | BI6: =AND(#REF!,"AAAAAHvv+jw=") -> #REF! | BJ6: =AND(#REF!,"AAAAAHvv+j0=") -> #REF! | BK6: =AND(#REF!,"AAAAAHvv+j4=") -> #REF! | BL6: =IF(#REF!,"AAAAAHvv+j8=",0) -> #REF! | BM6: =AND(#REF!,"AAAAAHvv+kA=") -> #REF! | BN6: =AND(#REF!,"AAAAAHvv+kE=") -> #REF! | BO6: =AND(#REF!,"AAAAAHvv+kI=") -> #REF! | BP6: =AND(#REF!,"AAAAAHvv+kM=") -> #REF! | BQ6: =AND(#REF!,"AAAAAHvv+kQ=") -> #REF! | BR6: =AND(#REF!,"AAAAAHvv+kU=") -> #REF! | BS6: =AND(#REF!,"AAAAAHvv+kY=") -> #REF! | BT6: =AND(#REF!,"AAAAAHvv+kc=") -> #REF! | BU6: =AND(#REF!,"AAAAAHvv+kg=") -> #REF! | BV6: =AND(#REF!,"AAAAAHvv+kk=") -> #REF! | BW6: =IF(#REF!,"AAAAAHvv+ko=",0) -> #REF! | BX6: =AND(#REF!,"AAAAAHvv+ks=") -> #REF! | BY6: =AND(#REF!,"AAAAAHvv+kw=") -> #REF! | BZ6: =AND(#REF!,"AAAAAHvv+k0=") -> #REF! | CA6: =AND(#REF!,"AAAAAHvv+k4=") -> #REF! | CB6: =AND(#REF!,"AAAAAHvv+k8=") -> #REF! | CC6: =AND(#REF!,"AAAAAHvv+lA=") -> #REF! | CD6: =AND(#REF!,"AAAAAHvv+lE=") -> #REF! | CE6: =AND(#REF!,"AAAAAHvv+lI=") -> #REF! | CF6: =AND(#REF!,"AAAAAHvv+lM=") -> #REF! | CG6: =AND(#REF!,"AAAAAHvv+lQ=") -> #REF! | CH6: =IF(#REF!,"AAAAAHvv+lU=",0) -> #REF! | CI6: =AND(#REF!,"AAAAAHvv+lY=") -> #REF! | CJ6: =AND(#REF!,"AAAAAHvv+lc=") -> #REF! | CK6: =AND(#REF!,"AAAAAHvv+lg=") -> #REF! | CL6: =AND(#REF!,"AAAAAHvv+lk=") -> #REF! | CM6: =AND(#REF!,"AAAAAHvv+lo=") -> #REF! | CN6: =AND(#REF!,"AAAAAHvv+ls=") -> #REF! | CO6: =AND(#REF!,"AAAAAHvv+lw=") -> #REF! | CP6: =AND(#REF!,"AAAAAHvv+l0=") -> #REF! | CQ6: =AND(#REF!,"AAAAAHvv+l4=") -> #REF! | CR6: =AND(#REF!,"AAAAAHvv+l8=") -> #REF! | CS6: =IF(#REF!,"AAAAAHvv+mA=",0) -> #REF! | CT6: =AND(#REF!,"AAAAAHvv+mE=") -> #REF! | CU6: =AND(#REF!,"AAAAAHvv+mI=") -> #REF! | CV6: =AND(#REF!,"AAAAAHvv+mM=") -> #REF! | CW6: =AND(#REF!,"AAAAAHvv+mQ=") -> #REF! | CX6: =AND(#REF!,"AAAAAHvv+mU=") -> #REF! | CY6: =AND(#REF!,"AAAAAHvv+mY=") -> #REF! | CZ6: =AND(#REF!,"AAAAAHvv+mc=") -> #REF! | DA6: =AND(#REF!,"AAAAAHvv+mg=") -> #REF! | DB6: =AND(#REF!,"AAAAAHvv+mk=") -> #REF! | DC6: =AND(#REF!,"AAAAAHvv+mo=") -> #REF! | DD6: =IF(#REF!,"AAAAAHvv+ms=",0) -> #REF! | DE6: =AND(#REF!,"AAAAAHvv+mw=") -> #REF! | DF6: =AND(#REF!,"AAAAAHvv+m0=") -> #REF! | DG6: =AND(#REF!,"AAAAAHvv+m4=") -> #REF! | DH6: =AND(#REF!,"AAAAAHvv+m8=") -> #REF! | DI6: =AND(#REF!,"AAAAAHvv+nA=") -> #REF! | DJ6: =AND(#REF!,"AAAAAHvv+nE=") -> #REF! | DK6: =AND(#REF!,"AAAAAHvv+nI=") -> #REF! | DL6: =AND(#REF!,"AAAAAHvv+nM=") -> #REF! | DM6: =AND(#REF!,"AAAAAHvv+nQ=") -> #REF! | DN6: =AND(#REF!,"AAAAAHvv+nU=") -> #REF! | DO6: =IF(#REF!,"AAAAAHvv+nY=",0) -> #REF! | DP6: =AND(#REF!,"AAAAAHvv+nc=") -> #REF! | DQ6: =AND(#REF!,"AAAAAHvv+ng=") -> #REF! | DR6: =AND(#REF!,"AAAAAHvv+nk=") -> #REF! | DS6: =AND(#REF!,"AAAAAHvv+no=") -> #REF! | DT6: =AND(#REF!,"AAAAAHvv+ns=") -> #REF! | DU6: =AND(#REF!,"AAAAAHvv+nw=") -> #REF! | DV6: =AND(#REF!,"AAAAAHvv+n0=") -> #REF! | DW6: =AND(#REF!,"AAAAAHvv+n4=") -> #REF! | DX6: =AND(#REF!,"AAAAAHvv+n8=") -> #REF! | DY6: =AND(#REF!,"AAAAAHvv+oA=") -> #REF! | DZ6: =IF(#REF!,"AAAAAHvv+oE=",0) -> #REF! | EA6: =AND(#REF!,"AAAAAHvv+oI=") -> #REF! | EB6: =AND(#REF!,"AAAAAHvv+oM=") -> #REF! | EC6: =AND(#REF!,"AAAAAHvv+oQ=") -> #REF! | ED6: =AND(#REF!,"AAAAAHvv+oU=") -> #REF! | EE6: =AND(#REF!,"AAAAAHvv+oY=") -> #REF! | EF6: =AND(#REF!,"AAAAAHvv+oc=") -> #REF! | EG6: =AND(#REF!,"AAAAAHvv+og=") -> #REF! | EH6: =AND(#REF!,"AAAAAHvv+ok=") -> #REF! | EI6: =AND(#REF!,"AAAAAHvv+oo=") -> #REF! | EJ6: =AND(#REF!,"AAAAAHvv+os=") -> #REF! | EK6: =IF(#REF!,"AAAAAHvv+ow=",0) -> #REF! | EL6: =AND(#REF!,"AAAAAHvv+o0=") -> #REF! | EM6: =AND(#REF!,"AAAAAHvv+o4=") -> #REF! | EN6: =AND(#REF!,"AAAAAHvv+o8=") -> #REF! | EO6: =AND(#REF!,"AAAAAHvv+pA=") -> #REF! | EP6: =AND(#REF!,"AAAAAHvv+pE=") -> #REF! | EQ6: =AND(#REF!,"AAAAAHvv+pI=") -> #REF! | ER6: =AND(#REF!,"AAAAAHvv+pM=") -> #REF! | ES6: =AND(#REF!,"AAAAAHvv+pQ=") -> #REF! | ET6: =AND(#REF!,"AAAAAHvv+pU=") -> #REF! | EU6: =AND(#REF!,"AAAAAHvv+pY=") -> #REF! | EV6: =IF(#REF!,"AAAAAHvv+pc=",0) -> #REF! | EW6: =AND(#REF!,"AAAAAHvv+pg=") -> #REF! | EX6: =AND(#REF!,"AAAAAHvv+pk=") -> #REF! | EY6: =AND(#REF!,"AAAAAHvv+po=") -> #REF! | EZ6: =AND(#REF!,"AAAAAHvv+ps=") -> #REF! | FA6: =AND(#REF!,"AAAAAHvv+pw=") -> #REF! | FB6: =AND(#REF!,"AAAAAHvv+p0=") -> #REF! | FC6: =AND(#REF!,"AAAAAHvv+p4=") -> #REF! | FD6: =AND(#REF!,"AAAAAHvv+p8=") -> #REF! | FE6: =AND(#REF!,"AAAAAHvv+qA=") -> #REF! | FF6: =AND(#REF!,"AAAAAHvv+qE=") -> #REF! | FG6: =IF(#REF!,"AAAAAHvv+qI=",0) -> #REF! | FH6: =AND(#REF!,"AAAAAHvv+qM=") -> #REF! | FI6: =AND(#REF!,"AAAAAHvv+qQ=") -> #REF! | FJ6: =AND(#REF!,"AAAAAHvv+qU=") -> #REF! | FK6: =AND(#REF!,"AAAAAHvv+qY=") -> #REF! | FL6: =AND(#REF!,"AAAAAHvv+qc=") -> #REF! | FM6: =AND(#REF!,"AAAAAHvv+qg=") -> #REF! | FN6: =AND(#REF!,"AAAAAHvv+qk=") -> #REF! | FO6: =AND(#REF!,"AAAAAHvv+qo=") -> #REF! | FP6: =AND(#REF!,"AAAAAHvv+qs=") -> #REF! | FQ6: =AND(#REF!,"AAAAAHvv+qw=") -> #REF! | FR6: =IF(#REF!,"AAAAAHvv+q0=",0) -> #REF! | FS6: =AND(#REF!,"AAAAAHvv+q4=") -> #REF! | FT6: =AND(#REF!,"AAAAAHvv+q8=") -> #REF! | FU6: =AND(#REF!,"AAAAAHvv+rA=") -> #REF! | FV6: =AND(#REF!,"AAAAAHvv+rE=") -> #REF! | FW6: =AND(#REF!,"AAAAAHvv+rI=") -> #REF! | FX6: =AND(#REF!,"AAAAAHvv+rM=") -> #REF! | FY6: =AND(#REF!,"AAAAAHvv+rQ=") -> #REF! | FZ6: =AND(#REF!,"AAAAAHvv+rU=") -> #REF! | GA6: =AND(#REF!,"AAAAAHvv+rY=") -> #REF! | GB6: =AND(#REF!,"AAAAAHvv+rc=") -> #REF! | GC6: =IF(#REF!,"AAAAAHvv+rg=",0) -> #REF! | GD6: =AND(#REF!,"AAAAAHvv+rk=") -> #REF! | GE6: =AND(#REF!,"AAAAAHvv+ro=") -> #REF! | GF6: =AND(#REF!,"AAAAAHvv+rs=") -> #REF! | GG6: =AND(#REF!,"AAAAAHvv+rw=") -> #REF! | GH6: =AND(#REF!,"AAAAAHvv+r0=") -> #REF! | GI6: =AND(#REF!,"AAAAAHvv+r4=") -> #REF! | GJ6: =AND(#REF!,"AAAAAHvv+r8=") -> #REF! | GK6: =AND(#REF!,"AAAAAHvv+sA=") -> #REF! | GL6: =AND(#REF!,"AAAAAHvv+sE=") -> #REF! | GM6: =AND(#REF!,"AAAAAHvv+sI=") -> #REF! | GN6: =IF(#REF!,"AAAAAHvv+sM=",0) -> #REF! | GO6: =AND(#REF!,"AAAAAHvv+sQ=") -> #REF! | GP6: =AND(#REF!,"AAAAAHvv+sU=") -> #REF! | GQ6: =AND(#REF!,"AAAAAHvv+sY=") -> #REF! | GR6: =AND(#REF!,"AAAAAHvv+sc=") -> #REF! | GS6: =AND(#REF!,"AAAAAHvv+sg=") -> #REF! | GT6: =AND(#REF!,"AAAAAHvv+sk=") -> #REF! | GU6: =AND(#REF!,"AAAAAHvv+so=") -> #REF! | GV6: =AND(#REF!,"AAAAAHvv+ss=") -> #REF! | GW6: =AND(#REF!,"AAAAAHvv+sw=") -> #REF! | GX6: =AND(#REF!,"AAAAAHvv+s0=") -> #REF! | GY6: =IF(#REF!,"AAAAAHvv+s4=",0) -> #REF! | GZ6: =AND(#REF!,"AAAAAHvv+s8=") -> #REF! | HA6: =AND(#REF!,"AAAAAHvv+tA=") -> #REF! | HB6: =AND(#REF!,"AAAAAHvv+tE=") -> #REF! | HC6: =AND(#REF!,"AAAAAHvv+tI=") -> #REF! | HD6: =AND(#REF!,"AAAAAHvv+tM=") -> #REF! | HE6: =AND(#REF!,"AAAAAHvv+tQ=") -> #REF! | HF6: =AND(#REF!,"AAAAAHvv+tU=") -> #REF! | HG6: =AND(#REF!,"AAAAAHvv+tY=") -> #REF! | HH6: =AND(#REF!,"AAAAAHvv+tc=") -> #REF! | HI6: =AND(#REF!,"AAAAAHvv+tg=") -> #REF! | HJ6: =IF(#REF!,"AAAAAHvv+tk=",0) -> #REF! | HK6: =AND(#REF!,"AAAAAHvv+to=") -> #REF! | HL6: =AND(#REF!,"AAAAAHvv+ts=") -> #REF! | HM6: =AND(#REF!,"AAAAAHvv+tw=") -> #REF! | HN6: =AND(#REF!,"AAAAAHvv+t0=") -> #REF! | HO6: =AND(#REF!,"AAAAAHvv+t4=") -> #REF! | HP6: =AND(#REF!,"AAAAAHvv+t8=") -> #REF! | HQ6: =AND(#REF!,"AAAAAHvv+uA=") -> #REF! | HR6: =AND(#REF!,"AAAAAHvv+uE=") -> #REF! | HS6: =AND(#REF!,"AAAAAHvv+uI=") -> #REF! | HT6: =AND(#REF!,"AAAAAHvv+uM=") -> #REF! | HU6: =IF(#REF!,"AAAAAHvv+uQ=",0) -> #REF! | HV6: =AND(#REF!,"AAAAAHvv+uU=") -> #REF! | HW6: =AND(#REF!,"AAAAAHvv+uY=") -> #REF! | HX6: =AND(#REF!,"AAAAAHvv+uc=") -> #REF! | HY6: =AND(#REF!,"AAAAAHvv+ug=") -> #REF! | HZ6: =AND(#REF!,"AAAAAHvv+uk=") -> #REF! | IA6: =AND(#REF!,"AAAAAHvv+uo=") -> #REF! | IB6: =AND(#REF!,"AAAAAHvv+us=") -> #REF! | IC6: =AND(#REF!,"AAAAAHvv+uw=") -> #REF! | ID6: =AND(#REF!,"AAAAAHvv+u0=") -> #REF! | IE6: =AND(#REF!,"AAAAAHvv+u4=") -> #REF! | IF6: =IF(#REF!,"AAAAAHvv+u8=",0) -> #REF! | IG6: =AND(#REF!,"AAAAAHvv+vA=") -> #REF! | IH6: =AND(#REF!,"AAAAAHvv+vE=") -> #REF! | II6: =AND(#REF!,"AAAAAHvv+vI=") -> #REF! | IJ6: =AND(#REF!,"AAAAAHvv+vM=") -> #REF! | IK6: =AND(#REF!,"AAAAAHvv+vQ=") -> #REF! | IL6: =AND(#REF!,"AAAAAHvv+vU=") -> #REF! | IM6: =AND(#REF!,"AAAAAHvv+vY=") -> #REF! | IN6: =AND(#REF!,"AAAAAHvv+vc=") -> #REF! | IO6: =AND(#REF!,"AAAAAHvv+vg=") -> #REF! | IP6: =AND(#REF!,"AAAAAHvv+vk=") -> #REF! | IQ6: =IF(#REF!,"AAAAAHvv+vo=",0) -> #REF! | IR6: =AND(#REF!,"AAAAAHvv+vs=") -> #REF! | IS6: =AND(#REF!,"AAAAAHvv+vw=") -> #REF! | IT6: =AND(#REF!,"AAAAAHvv+v0=") -> #REF! | IU6: =AND(#REF!,"AAAAAHvv+v4=") -> #REF! | IV6: =AND(#REF!,"AAAAAHvv+v8=") -> #REF!
A7: =AND(#REF!,"AAAAAH3jTQA=") -> #REF! | B7: =AND(#REF!,"AAAAAH3jTQE=") -> #REF! | C7: =AND(#REF!,"AAAAAH3jTQI=") -> #REF! | D7: =AND(#REF!,"AAAAAH3jTQM=") -> #REF! | E7: =AND(#REF!,"AAAAAH3jTQQ=") -> #REF! | F7: =IF(#REF!,"AAAAAH3jTQU=",0) -> #REF! | G7: =AND(#REF!,"AAAAAH3jTQY=") -> #REF! | H7: =AND(#REF!,"AAAAAH3jTQc=") -> #REF! | I7: =AND(#REF!,"AAAAAH3jTQg=") -> #REF! | J7: =AND(#REF!,"AAAAAH3jTQk=") -> #REF! | K7: =AND(#REF!,"AAAAAH3jTQo=") -> #REF! | L7: =AND(#REF!,"AAAAAH3jTQs=") -> #REF! | M7: =AND(#REF!,"AAAAAH3jTQw=") -> #REF! | N7: =AND(#REF!,"AAAAAH3jTQ0=") -> #REF! | O7: =AND(#REF!,"AAAAAH3jTQ4=") -> #REF! | P7: =AND(#REF!,"AAAAAH3jTQ8=") -> #REF! | Q7: =IF(#REF!,"AAAAAH3jTRA=",0) -> #REF! | R7: =AND(#REF!,"AAAAAH3jTRE=") -> #REF! | S7: =AND(#REF!,"AAAAAH3jTRI=") -> #REF! | T7: =AND(#REF!,"AAAAAH3jTRM=") -> #REF! | U7: =AND(#REF!,"AAAAAH3jTRQ=") -> #REF! | V7: =AND(#REF!,"AAAAAH3jTRU=") -> #REF! | W7: =AND(#REF!,"AAAAAH3jTRY=") -> #REF! | X7: =AND(#REF!,"AAAAAH3jTRc=") -> #REF! | Y7: =AND(#REF!,"AAAAAH3jTRg=") -> #REF! | Z7: =AND(#REF!,"AAAAAH3jTRk=") -> #REF! | AA7: =AND(#REF!,"AAAAAH3jTRo=") -> #REF! | AB7: =IF(#REF!,"AAAAAH3jTRs=",0) -> #REF! | AC7: =AND(#REF!,"AAAAAH3jTRw=") -> #REF! | AD7: =AND(#REF!,"AAAAAH3jTR0=") -> #REF! | AE7: =AND(#REF!,"AAAAAH3jTR4=") -> #REF! | AF7: =AND(#REF!,"AAAAAH3jTR8=") -> #REF! | AG7: =AND(#REF!,"AAAAAH3jTSA=") -> #REF! | AH7: =AND(#REF!,"AAAAAH3jTSE=") -> #REF! | AI7: =AND(#REF!,"AAAAAH3jTSI=") -> #REF! | AJ7: =AND(#REF!,"AAAAAH3jTSM=") -> #REF! | AK7: =AND(#REF!,"AAAAAH3jTSQ=") -> #REF! | AL7: =AND(#REF!,"AAAAAH3jTSU=") -> #REF! | AM7: =IF(#REF!,"AAAAAH3jTSY=",0) -> #REF! | AN7: =AND(#REF!,"AAAAAH3jTSc=") -> #REF! | AO7: =AND(#REF!,"AAAAAH3jTSg=") -> #REF! | AP7: =AND(#REF!,"AAAAAH3jTSk=") -> #REF! | AQ7: =AND(#REF!,"AAAAAH3jTSo=") -> #REF! | AR7: =AND(#REF!,"AAAAAH3jTSs=") -> #REF! | AS7: =AND(#REF!,"AAAAAH3jTSw=") -> #REF! | AT7: =AND(#REF!,"AAAAAH3jTS0=") -> #REF! | AU7: =AND(#REF!,"AAAAAH3jTS4=") -> #REF! | AV7: =AND(#REF!,"AAAAAH3jTS8=") -> #REF! | AW7: =AND(#REF!,"AAAAAH3jTTA=") -> #REF! | AX7: =IF(#REF!,"AAAAAH3jTTE=",0) -> #REF! | AY7: =AND(#REF!,"AAAAAH3jTTI=") -> #REF! | AZ7: =AND(#REF!,"AAAAAH3jTTM=") -> #REF! | BA7: =AND(#REF!,"AAAAAH3jTTQ=") -> #REF! | BB7: =AND(#REF!,"AAAAAH3jTTU=") -> #REF! | BC7: =AND(#REF!,"AAAAAH3jTTY=") -> #REF! | BD7: =AND(#REF!,"AAAAAH3jTTc=") -> #REF! | BE7: =AND(#REF!,"AAAAAH3jTTg=") -> #REF! | BF7: =AND(#REF!,"AAAAAH3jTTk=") -> #REF! | BG7: =AND(#REF!,"AAAAAH3jTTo=") -> #REF! | BH7: =AND(#REF!,"AAAAAH3jTTs=") -> #REF! | BI7: =IF(#REF!,"AAAAAH3jTTw=",0) -> #REF! | BJ7: =AND(#REF!,"AAAAAH3jTT0=") -> #REF! | BK7: =AND(#REF!,"AAAAAH3jTT4=") -> #REF! | BL7: =AND(#REF!,"AAAAAH3jTT8=") -> #REF! | BM7: =AND(#REF!,"AAAAAH3jTUA=") -> #REF! | BN7: =AND(#REF!,"AAAAAH3jTUE=") -> #REF! | BO7: =AND(#REF!,"AAAAAH3jTUI=") -> #REF! | BP7: =AND(#REF!,"AAAAAH3jTUM=") -> #REF! | BQ7: =AND(#REF!,"AAAAAH3jTUQ=") -> #REF! | BR7: =AND(#REF!,"AAAAAH3jTUU=") -> #REF! | BS7: =AND(#REF!,"AAAAAH3jTUY=") -> #REF! | BT7: =IF(#REF!,"AAAAAH3jTUc=",0) -> #REF! | BU7: =IF(#REF!,"AAAAAH3jTUg=",0) -> #REF! | BV7: =IF(#REF!,"AAAAAH3jTUk=",0) -> #REF! | BW7: =IF(#REF!,"AAAAAH3jTUo=",0) -> #REF! | BX7: =IF(#REF!,"AAAAAH3jTUs=",0) -> #REF! | BY7: =IF(#REF!,"AAAAAH3jTUw=",0) -> #REF! | BZ7: =IF(#REF!,"AAAAAH3jTU0=",0) -> #REF! | CA7: =IF(#REF!,"AAAAAH3jTU4=",0) -> #REF! | CB7: =IF(#REF!,"AAAAAH3jTU8=",0) -> #REF! | CC7: =IF(#REF!,"AAAAAH3jTVA=",0) -> #REF! | CD7: =IF(#REF!,"AAAAAH3jTVE=",0) -> #REF! | CE7: =AND(#REF!,"AAAAAH3jTVI=") -> #REF! | CF7: =AND(#REF!,"AAAAAH3jTVM=") -> #REF! | CG7: =AND(#REF!,"AAAAAH3jTVQ=") -> #REF! | CH7: =AND(#REF!,"AAAAAH3jTVU=") -> #REF! | CI7: =AND(#REF!,"AAAAAH3jTVY=") -> #REF! | CJ7: =AND(#REF!,"AAAAAH3jTVc=") -> #REF! | CK7: =AND(#REF!,"AAAAAH3jTVg=") -> #REF! | CL7: =AND(#REF!,"AAAAAH3jTVk=") -> #REF! | CM7: =AND(#REF!,"AAAAAH3jTVo=") -> #REF! | CN7: =AND(#REF!,"AAAAAH3jTVs=") -> #REF! | CO7: =IF(#REF!,"AAAAAH3jTVw=",0) -> #REF! | CP7: =AND(#REF!,"AAAAAH3jTV0=") -> #REF! | CQ7: =AND(#REF!,"AAAAAH3jTV4=") -> #REF! | CR7: =AND(#REF!,"AAAAAH3jTV8=") -> #REF! | CS7: =AND(#REF!,"AAAAAH3jTWA=") -> #REF! | CT7: =AND(#REF!,"AAAAAH3jTWE=") -> #REF! | CU7: =AND(#REF!,"AAAAAH3jTWI=") -> #REF! | CV7: =AND(#REF!,"AAAAAH3jTWM=") -> #REF! | CW7: =AND(#REF!,"AAAAAH3jTWQ=") -> #REF! | CX7: =AND(#REF!,"AAAAAH3jTWU=") -> #REF! | CY7: =AND(#REF!,"AAAAAH3jTWY=") -> #REF! | CZ7: =IF(#REF!,"AAAAAH3jTWc=",0) -> #REF! | DA7: =AND(#REF!,"AAAAAH3jTWg=") -> #REF! | DB7: =AND(#REF!,"AAAAAH3jTWk=") -> #REF! | DC7: =AND(#REF!,"AAAAAH3jTWo=") -> #REF! | DD7: =AND(#REF!,"AAAAAH3jTWs=") -> #REF! | DE7: =AND(#REF!,"AAAAAH3jTWw=") -> #REF! | DF7: =AND(#REF!,"AAAAAH3jTW0=") -> #REF! | DG7: =AND(#REF!,"AAAAAH3jTW4=") -> #REF! | DH7: =AND(#REF!,"AAAAAH3jTW8=") -> #REF! | DI7: =AND(#REF!,"AAAAAH3jTXA=") -> #REF! | DJ7: =AND(#REF!,"AAAAAH3jTXE=") -> #REF! | DK7: =IF(#REF!,"AAAAAH3jTXI=",0) -> #REF! | DL7: =AND(#REF!,"AAAAAH3jTXM=") -> #REF! | DM7: =AND(#REF!,"AAAAAH3jTXQ=") -> #REF! | DN7: =AND(#REF!,"AAAAAH3jTXU=") -> #REF! | DO7: =AND(#REF!,"AAAAAH3jTXY=") -> #REF! | DP7: =AND(#REF!,"AAAAAH3jTXc=") -> #REF! | DQ7: =AND(#REF!,"AAAAAH3jTXg=") -> #REF! | DR7: =AND(#REF!,"AAAAAH3jTXk=") -> #REF! | DS7: =AND(#REF!,"AAAAAH3jTXo=") -> #REF! | DT7: =AND(#REF!,"AAAAAH3jTXs=") -> #REF! | DU7: =AND(#REF!,"AAAAAH3jTXw=") -> #REF! | DV7: =IF(#REF!,"AAAAAH3jTX0=",0) -> #REF! | DW7: =AND(#REF!,"AAAAAH3jTX4=") -> #REF! | DX7: =AND(#REF!,"AAAAAH3jTX8=") -> #REF! | DY7: =AND(#REF!,"AAAAAH3jTYA=") -> #REF! | DZ7: =AND(#REF!,"AAAAAH3jTYE=") -> #REF! | EA7: =AND(#REF!,"AAAAAH3jTYI=") -> #REF! | EB7: =AND(#REF!,"AAAAAH3jTYM=") -> #REF! | EC7: =AND(#REF!,"AAAAAH3jTYQ=") -> #REF! | ED7: =AND(#REF!,"AAAAAH3jTYU=") -> #REF! | EE7: =AND(#REF!,"AAAAAH3jTYY=") -> #REF! | EF7: =AND(#REF!,"AAAAAH3jTYc=") -> #REF! | EG7: =IF(#REF!,"AAAAAH3jTYg=",0) -> #REF! | EH7: =AND(#REF!,"AAAAAH3jTYk=") -> #REF! | EI7: =AND(#REF!,"AAAAAH3jTYo=") -> #REF! | EJ7: =AND(#REF!,"AAAAAH3jTYs=") -> #REF! | EK7: =AND(#REF!,"AAAAAH3jTYw=") -> #REF! | EL7: =AND(#REF!,"AAAAAH3jTY0=") -> #REF! | EM7: =AND(#REF!,"AAAAAH3jTY4=") -> #REF! | EN7: =AND(#REF!,"AAAAAH3jTY8=") -> #REF! | EO7: =AND(#REF!,"AAAAAH3jTZA=") -> #REF! | EP7: =AND(#REF!,"AAAAAH3jTZE=") -> #REF! | EQ7: =AND(#REF!,"AAAAAH3jTZI=") -> #REF! | ER7: =IF(#REF!,"AAAAAH3jTZM=",0) -> #REF! | ES7: =AND(#REF!,"AAAAAH3jTZQ=") -> #REF! | ET7: =AND(#REF!,"AAAAAH3jTZU=") -> #REF! | EU7: =AND(#REF!,"AAAAAH3jTZY=") -> #REF! | EV7: =AND(#REF!,"AAAAAH3jTZc=") -> #REF! | EW7: =AND(#REF!,"AAAAAH3jTZg=") -> #REF! | EX7: =AND(#REF!,"AAAAAH3jTZk=") -> #REF! | EY7: =AND(#REF!,"AAAAAH3jTZo=") -> #REF! | EZ7: =AND(#REF!,"AAAAAH3jTZs=") -> #REF! | FA7: =AND(#REF!,"AAAAAH3jTZw=") -> #REF! | FB7: =AND(#REF!,"AAAAAH3jTZ0=") -> #REF! | FC7: =IF(#REF!,"AAAAAH3jTZ4=",0) -> #REF! | FD7: =AND(#REF!,"AAAAAH3jTZ8=") -> #REF! | FE7: =AND(#REF!,"AAAAAH3jTaA=") -> #REF! | FF7: =AND(#REF!,"AAAAAH3jTaE=") -> #REF! | FG7: =AND(#REF!,"AAAAAH3jTaI=") -> #REF! | FH7: =AND(#REF!,"AAAAAH3jTaM=") -> #REF! | FI7: =AND(#REF!,"AAAAAH3jTaQ=") -> #REF! | FJ7: =AND(#REF!,"AAAAAH3jTaU=") -> #REF! | FK7: =AND(#REF!,"AAAAAH3jTaY=") -> #REF! | FL7: =AND(#REF!,"AAAAAH3jTac=") -> #REF! | FM7: =AND(#REF!,"AAAAAH3jTag=") -> #REF! | FN7: =IF(#REF!,"AAAAAH3jTak=",0) -> #REF! | FO7: =AND(#REF!,"AAAAAH3jTao=") -> #REF! | FP7: =AND(#REF!,"AAAAAH3jTas=") -> #REF! | FQ7: =AND(#REF!,"AAAAAH3jTaw=") -> #REF! | FR7: =AND(#REF!,"AAAAAH3jTa0=") -> #REF! | FS7: =AND(#REF!,"AAAAAH3jTa4=") -> #REF! | FT7: =AND(#REF!,"AAAAAH3jTa8=") -> #REF! | FU7: =AND(#REF!,"AAAAAH3jTbA=") -> #REF! | FV7: =AND(#REF!,"AAAAAH3jTbE=") -> #REF! | FW7: =AND(#REF!,"AAAAAH3jTbI=") -> #REF! | FX7: =AND(#REF!,"AAAAAH3jTbM=") -> #REF! | FY7: =IF(#REF!,"AAAAAH3jTbQ=",0) -> #REF! | FZ7: =AND(#REF!,"AAAAAH3jTbU=") -> #REF! | GA7: =AND(#REF!,"AAAAAH3jTbY=") -> #REF! | GB7: =AND(#REF!,"AAAAAH3jTbc=") -> #REF! | GC7: =AND(#REF!,"AAAAAH3jTbg=") -> #REF! | GD7: =AND(#REF!,"AAAAAH3jTbk=") -> #REF! | GE7: =AND(#REF!,"AAAAAH3jTbo=") -> #REF! | GF7: =AND(#REF!,"AAAAAH3jTbs=") -> #REF! | GG7: =AND(#REF!,"AAAAAH3jTbw=") -> #REF! | GH7: =AND(#REF!,"AAAAAH3jTb0=") -> #REF! | GI7: =AND(#REF!,"AAAAAH3jTb4=") -> #REF! | GJ7: =IF(#REF!,"AAAAAH3jTb8=",0) -> #REF! | GK7: =AND(#REF!,"AAAAAH3jTcA=") -> #REF! | GL7: =AND(#REF!,"AAAAAH3jTcE=") -> #REF! | GM7: =AND(#REF!,"AAAAAH3jTcI=") -> #REF! | GN7: =AND(#REF!,"AAAAAH3jTcM=") -> #REF! | GO7: =AND(#REF!,"AAAAAH3jTcQ=") -> #REF! | GP7: =AND(#REF!,"AAAAAH3jTcU=") -> #REF! | GQ7: =AND(#REF!,"AAAAAH3jTcY=") -> #REF! | GR7: =AND(#REF!,"AAAAAH3jTcc=") -> #REF! | GS7: =AND(#REF!,"AAAAAH3jTcg=") -> #REF! | GT7: =AND(#REF!,"AAAAAH3jTck=") -> #REF! | GU7: =IF(#REF!,"AAAAAH3jTco=",0) -> #REF! | GV7: =AND(#REF!,"AAAAAH3jTcs=") -> #REF! | GW7: =AND(#REF!,"AAAAAH3jTcw=") -> #REF! | GX7: =AND(#REF!,"AAAAAH3jTc0=") -> #REF! | GY7: =AND(#REF!,"AAAAAH3jTc4=") -> #REF! | GZ7: =AND(#REF!,"AAAAAH3jTc8=") -> #REF! | HA7: =AND(#REF!,"AAAAAH3jTdA=") -> #REF! | HB7: =AND(#REF!,"AAAAAH3jTdE=") -> #REF! | HC7: =AND(#REF!,"AAAAAH3jTdI=") -> #REF! | HD7: =AND(#REF!,"AAAAAH3jTdM=") -> #REF! | HE7: =AND(#REF!,"AAAAAH3jTdQ=") -> #REF! | HF7: =IF(#REF!,"AAAAAH3jTdU=",0) -> #REF! | HG7: =AND(#REF!,"AAAAAH3jTdY=") -> #REF! | HH7: =AND(#REF!,"AAAAAH3jTdc=") -> #REF! | HI7: =AND(#REF!,"AAAAAH3jTdg=") -> #REF! | HJ7: =AND(#REF!,"AAAAAH3jTdk=") -> #REF! | HK7: =AND(#REF!,"AAAAAH3jTdo=") -> #REF! | HL7: =AND(#REF!,"AAAAAH3jTds=") -> #REF! | HM7: =AND(#REF!,"AAAAAH3jTdw=") -> #REF! | HN7: =AND(#REF!,"AAAAAH3jTd0=") -> #REF! | HO7: =AND(#REF!,"AAAAAH3jTd4=") -> #REF! | HP7: =AND(#REF!,"AAAAAH3jTd8=") -> #REF! | HQ7: =IF(#REF!,"AAAAAH3jTeA=",0) -> #REF! | HR7: =AND(#REF!,"AAAAAH3jTeE=") -> #REF! | HS7: =AND(#REF!,"AAAAAH3jTeI=") -> #REF! | HT7: =AND(#REF!,"AAAAAH3jTeM=") -> #REF! | HU7: =AND(#REF!,"AAAAAH3jTeQ=") -> #REF! | HV7: =AND(#REF!,"AAAAAH3jTeU=") -> #REF! | HW7: =AND(#REF!,"AAAAAH3jTeY=") -> #REF! | HX7: =AND(#REF!,"AAAAAH3jTec=") -> #REF! | HY7: =AND(#REF!,"AAAAAH3jTeg=") -> #REF! | HZ7: =AND(#REF!,"AAAAAH3jTek=") -> #REF! | IA7: =AND(#REF!,"AAAAAH3jTeo=") -> #REF! | IB7: =IF(#REF!,"AAAAAH3jTes=",0) -> #REF! | IC7: =AND(#REF!,"AAAAAH3jTew=") -> #REF! | ID7: =AND(#REF!,"AAAAAH3jTe0=") -> #REF! | IE7: =AND(#REF!,"AAAAAH3jTe4=") -> #REF! | IF7: =AND(#REF!,"AAAAAH3jTe8=") -> #REF! | IG7: =AND(#REF!,"AAAAAH3jTfA=") -> #REF! | IH7: =AND(#REF!,"AAAAAH3jTfE=") -> #REF! | II7: =AND(#REF!,"AAAAAH3jTfI=") -> #REF! | IJ7: =AND(#REF!,"AAAAAH3jTfM=") -> #REF! | IK7: =AND(#REF!,"AAAAAH3jTfQ=") -> #REF! | IL7: =AND(#REF!,"AAAAAH3jTfU=") -> #REF! | IM7: =IF(#REF!,"AAAAAH3jTfY=",0) -> #REF! | IN7: =AND(#REF!,"AAAAAH3jTfc=") -> #REF! | IO7: =AND(#REF!,"AAAAAH3jTfg=") -> #REF! | IP7: =AND(#REF!,"AAAAAH3jTfk=") -> #REF! | IQ7: =AND(#REF!,"AAAAAH3jTfo=") -> #REF! | IR7: =AND(#REF!,"AAAAAH3jTfs=") -> #REF! | IS7: =AND(#REF!,"AAAAAH3jTfw=") -> #REF! | IT7: =AND(#REF!,"AAAAAH3jTf0=") -> #REF! | IU7: =AND(#REF!,"AAAAAH3jTf4=") -> #REF! | IV7: =AND(#REF!,"AAAAAH3jTf8=") -> #REF!
A8: =AND(#REF!,"AAAAAD///gA=") -> #REF! | B8: =IF(#REF!,"AAAAAD///gE=",0) -> #REF! | C8: =AND(#REF!,"AAAAAD///gI=") -> #REF! | D8: =AND(#REF!,"AAAAAD///gM=") -> #REF! | E8: =AND(#REF!,"AAAAAD///gQ=") -> #REF! | F8: =AND(#REF!,"AAAAAD///gU=") -> #REF! | G8: =AND(#REF!,"AAAAAD///gY=") -> #REF! | H8: =AND(#REF!,"AAAAAD///gc=") -> #REF! | I8: =AND(#REF!,"AAAAAD///gg=") -> #REF! | J8: =AND(#REF!,"AAAAAD///gk=") -> #REF! | K8: =AND(#REF!,"AAAAAD///go=") -> #REF! | L8: =AND(#REF!,"AAAAAD///gs=") -> #REF! | M8: =IF(#REF!,"AAAAAD///gw=",0) -> #REF! | N8: =AND(#REF!,"AAAAAD///g0=") -> #REF! | O8: =AND(#REF!,"AAAAAD///g4=") -> #REF! | P8: =AND(#REF!,"AAAAAD///g8=") -> #REF! | Q8: =AND(#REF!,"AAAAAD///hA=") -> #REF! | R8: =AND(#REF!,"AAAAAD///hE=") -> #REF! | S8: =AND(#REF!,"AAAAAD///hI=") -> #REF! | T8: =AND(#REF!,"AAAAAD///hM=") -> #REF! | U8: =AND(#REF!,"AAAAAD///hQ=") -> #REF! | V8: =AND(#REF!,"AAAAAD///hU=") -> #REF! | W8: =AND(#REF!,"AAAAAD///hY=") -> #REF! | X8: =IF(#REF!,"AAAAAD///hc=",0) -> #REF! | Y8: =AND(#REF!,"AAAAAD///hg=") -> #REF! | Z8: =AND(#REF!,"AAAAAD///hk=") -> #REF! | AA8: =AND(#REF!,"AAAAAD///ho=") -> #REF! | AB8: =AND(#REF!,"AAAAAD///hs=") -> #REF! | AC8: =AND(#REF!,"AAAAAD///hw=") -> #REF! | AD8: =AND(#REF!,"AAAAAD///h0=") -> #REF! | AE8: =AND(#REF!,"AAAAAD///h4=") -> #REF! | AF8: =AND(#REF!,"AAAAAD///h8=") -> #REF! | AG8: =AND(#REF!,"AAAAAD///iA=") -> #REF! | AH8: =AND(#REF!,"AAAAAD///iE=") -> #REF! | AI8: =IF(#REF!,"AAAAAD///iI=",0) -> #REF! | AJ8: =AND(#REF!,"AAAAAD///iM=") -> #REF! | AK8: =AND(#REF!,"AAAAAD///iQ=") -> #REF! | AL8: =AND(#REF!,"AAAAAD///iU=") -> #REF! | AM8: =AND(#REF!,"AAAAAD///iY=") -> #REF! | AN8: =AND(#REF!,"AAAAAD///ic=") -> #REF! | AO8: =AND(#REF!,"AAAAAD///ig=") -> #REF! | AP8: =AND(#REF!,"AAAAAD///ik=") -> #REF! | AQ8: =AND(#REF!,"AAAAAD///io=") -> #REF! | AR8: =AND(#REF!,"AAAAAD///is=") -> #REF! | AS8: =AND(#REF!,"AAAAAD///iw=") -> #REF! | AT8: =IF(#REF!,"AAAAAD///i0=",0) -> #REF! | AU8: =AND(#REF!,"AAAAAD///i4=") -> #REF! | AV8: =AND(#REF!,"AAAAAD///i8=") -> #REF! | AW8: =AND(#REF!,"AAAAAD///jA=") -> #REF! | AX8: =AND(#REF!,"AAAAAD///jE=") -> #REF! | AY8: =AND(#REF!,"AAAAAD///jI=") -> #REF! | AZ8: =AND(#REF!,"AAAAAD///jM=") -> #REF! | BA8: =AND(#REF!,"AAAAAD///jQ=") -> #REF! | BB8: =AND(#REF!,"AAAAAD///jU=") -> #REF! | BC8: =AND(#REF!,"AAAAAD///jY=") -> #REF! | BD8: =AND(#REF!,"AAAAAD///jc=") -> #REF! | BE8: =IF(#REF!,"AAAAAD///jg=",0) -> #REF! | BF8: =AND(#REF!,"AAAAAD///jk=") -> #REF! | BG8: =AND(#REF!,"AAAAAD///jo=") -> #REF! | BH8: =AND(#REF!,"AAAAAD///js=") -> #REF! | BI8: =AND(#REF!,"AAAAAD///jw=") -> #REF! | BJ8: =AND(#REF!,"AAAAAD///j0=") -> #REF! | BK8: =AND(#REF!,"AAAAAD///j4=") -> #REF! | BL8: =AND(#REF!,"AAAAAD///j8=") -> #REF! | BM8: =AND(#REF!,"AAAAAD///kA=") -> #REF! | BN8: =AND(#REF!,"AAAAAD///kE=") -> #REF! | BO8: =AND(#REF!,"AAAAAD///kI=") -> #REF! | BP8: =IF(#REF!,"AAAAAD///kM=",0) -> #REF! | BQ8: =AND(#REF!,"AAAAAD///kQ=") -> #REF! | BR8: =AND(#REF!,"AAAAAD///kU=") -> #REF! | BS8: =AND(#REF!,"AAAAAD///kY=") -> #REF! | BT8: =AND(#REF!,"AAAAAD///kc=") -> #REF! | BU8: =AND(#REF!,"AAAAAD///kg=") -> #REF! | BV8: =AND(#REF!,"AAAAAD///kk=") -> #REF! | BW8: =AND(#REF!,"AAAAAD///ko=") -> #REF! | BX8: =AND(#REF!,"AAAAAD///ks=") -> #REF! | BY8: =AND(#REF!,"AAAAAD///kw=") -> #REF! | BZ8: =AND(#REF!,"AAAAAD///k0=") -> #REF! | CA8: =IF(#REF!,"AAAAAD///k4=",0) -> #REF! | CB8: =AND(#REF!,"AAAAAD///k8=") -> #REF! | CC8: =AND(#REF!,"AAAAAD///lA=") -> #REF! | CD8: =AND(#REF!,"AAAAAD///lE=") -> #REF! | CE8: =AND(#REF!,"AAAAAD///lI=") -> #REF! | CF8: =AND(#REF!,"AAAAAD///lM=") -> #REF! | CG8: =AND(#REF!,"AAAAAD///lQ=") -> #REF! | CH8: =AND(#REF!,"AAAAAD///lU=") -> #REF! | CI8: =AND(#REF!,"AAAAAD///lY=") -> #REF! | CJ8: =AND(#REF!,"AAAAAD///lc=") -> #REF! | CK8: =AND(#REF!,"AAAAAD///lg=") -> #REF! | CL8: =IF(#REF!,"AAAAAD///lk=",0) -> #REF! | CM8: =AND(#REF!,"AAAAAD///lo=") -> #REF! | CN8: =AND(#REF!,"AAAAAD///ls=") -> #REF! | CO8: =AND(#REF!,"AAAAAD///lw=") -> #REF! | CP8: =AND(#REF!,"AAAAAD///l0=") -> #REF! | CQ8: =AND(#REF!,"AAAAAD///l4=") -> #REF! | CR8: =AND(#REF!,"AAAAAD///l8=") -> #REF! | CS8: =AND(#REF!,"AAAAAD///mA=") -> #REF! | CT8: =AND(#REF!,"AAAAAD///mE=") -> #REF! | CU8: =AND(#REF!,"AAAAAD///mI=") -> #REF! | CV8: =AND(#REF!,"AAAAAD///mM=") -> #REF! | CW8: =IF(#REF!,"AAAAAD///mQ=",0) -> #REF! | CX8: =AND(#REF!,"AAAAAD///mU=") -> #REF! | CY8: =AND(#REF!,"AAAAAD///mY=") -> #REF! | CZ8: =AND(#REF!,"AAAAAD///mc=") -> #REF! | DA8: =AND(#REF!,"AAAAAD///mg=") -> #REF! | DB8: =AND(#REF!,"AAAAAD///mk=") -> #REF! | DC8: =AND(#REF!,"AAAAAD///mo=") -> #REF! | DD8: =AND(#REF!,"AAAAAD///ms=") -> #REF! | DE8: =AND(#REF!,"AAAAAD///mw=") -> #REF! | DF8: =AND(#REF!,"AAAAAD///m0=") -> #REF! | DG8: =AND(#REF!,"AAAAAD///m4=") -> #REF! | DH8: =IF(#REF!,"AAAAAD///m8=",0) -> #REF! | DI8: =AND(#REF!,"AAAAAD///nA=") -> #REF! | DJ8: =AND(#REF!,"AAAAAD///nE=") -> #REF! | DK8: =AND(#REF!,"AAAAAD///nI=") -> #REF! | DL8: =AND(#REF!,"AAAAAD///nM=") -> #REF! | DM8: =AND(#REF!,"AAAAAD///nQ=") -> #REF! | DN8: =AND(#REF!,"AAAAAD///nU=") -> #REF! | DO8: =AND(#REF!,"AAAAAD///nY=") -> #REF! | DP8: =AND(#REF!,"AAAAAD///nc=") -> #REF! | DQ8: =AND(#REF!,"AAAAAD///ng=") -> #REF! | DR8: =AND(#REF!,"AAAAAD///nk=") -> #REF! | DS8: =IF(#REF!,"AAAAAD///no=",0) -> #REF! | DT8: =AND(#REF!,"AAAAAD///ns=") -> #REF! | DU8: =AND(#REF!,"AAAAAD///nw=") -> #REF! | DV8: =AND(#REF!,"AAAAAD///n0=") -> #REF! | DW8: =AND(#REF!,"AAAAAD///n4=") -> #REF! | DX8: =AND(#REF!,"AAAAAD///n8=") -> #REF! | DY8: =AND(#REF!,"AAAAAD///oA=") -> #REF! | DZ8: =AND(#REF!,"AAAAAD///oE=") -> #REF! | EA8: =AND(#REF!,"AAAAAD///oI=") -> #REF! | EB8: =AND(#REF!,"AAAAAD///oM=") -> #REF! | EC8: =AND(#REF!,"AAAAAD///oQ=") -> #REF! | ED8: =IF(#REF!,"AAAAAD///oU=",0) -> #REF! | EE8: =AND(#REF!,"AAAAAD///oY=") -> #REF! | EF8: =AND(#REF!,"AAAAAD///oc=") -> #REF! | EG8: =AND(#REF!,"AAAAAD///og=") -> #REF! | EH8: =AND(#REF!,"AAAAAD///ok=") -> #REF! | EI8: =AND(#REF!,"AAAAAD///oo=") -> #REF! | EJ8: =AND(#REF!,"AAAAAD///os=") -> #REF! | EK8: =AND(#REF!,"AAAAAD///ow=") -> #REF! | EL8: =AND(#REF!,"AAAAAD///o0=") -> #REF! | EM8: =AND(#REF!,"AAAAAD///o4=") -> #REF! | EN8: =AND(#REF!,"AAAAAD///o8=") -> #REF! | EO8: =IF(#REF!,"AAAAAD///pA=",0) -> #REF! | EP8: =AND(#REF!,"AAAAAD///pE=") -> #REF! | EQ8: =AND(#REF!,"AAAAAD///pI=") -> #REF! | ER8: =AND(#REF!,"AAAAAD///pM=") -> #REF! | ES8: =AND(#REF!,"AAAAAD///pQ=") -> #REF! | ET8: =AND(#REF!,"AAAAAD///pU=") -> #REF! | EU8: =AND(#REF!,"AAAAAD///pY=") -> #REF! | EV8: =AND(#REF!,"AAAAAD///pc=") -> #REF! | EW8: =AND(#REF!,"AAAAAD///pg=") -> #REF! | EX8: =AND(#REF!,"AAAAAD///pk=") -> #REF! | EY8: =AND(#REF!,"AAAAAD///po=") -> #REF! | EZ8: =IF(#REF!,"AAAAAD///ps=",0) -> #REF! | FA8: =AND(#REF!,"AAAAAD///pw=") -> #REF! | FB8: =AND(#REF!,"AAAAAD///p0=") -> #REF! | FC8: =AND(#REF!,"AAAAAD///p4=") -> #REF! | FD8: =AND(#REF!,"AAAAAD///p8=") -> #REF! | FE8: =AND(#REF!,"AAAAAD///qA=") -> #REF! | FF8: =AND(#REF!,"AAAAAD///qE=") -> #REF! | FG8: =AND(#REF!,"AAAAAD///qI=") -> #REF! | FH8: =AND(#REF!,"AAAAAD///qM=") -> #REF! | FI8: =AND(#REF!,"AAAAAD///qQ=") -> #REF! | FJ8: =AND(#REF!,"AAAAAD///qU=") -> #REF! | FK8: =IF(#REF!,"AAAAAD///qY=",0) -> #REF! | FL8: =AND(#REF!,"AAAAAD///qc=") -> #REF! | FM8: =AND(#REF!,"AAAAAD///qg=") -> #REF! | FN8: =AND(#REF!,"AAAAAD///qk=") -> #REF! | FO8: =AND(#REF!,"AAAAAD///qo=") -> #REF! | FP8: =AND(#REF!,"AAAAAD///qs=") -> #REF! | FQ8: =AND(#REF!,"AAAAAD///qw=") -> #REF! | FR8: =AND(#REF!,"AAAAAD///q0=") -> #REF! | FS8: =AND(#REF!,"AAAAAD///q4=") -> #REF! | FT8: =AND(#REF!,"AAAAAD///q8=") -> #REF! | FU8: =AND(#REF!,"AAAAAD///rA=") -> #REF! | FV8: =IF(#REF!,"AAAAAD///rE=",0) -> #REF! | FW8: =AND(#REF!,"AAAAAD///rI=") -> #REF! | FX8: =AND(#REF!,"AAAAAD///rM=") -> #REF! | FY8: =AND(#REF!,"AAAAAD///rQ=") -> #REF! | FZ8: =AND(#REF!,"AAAAAD///rU=") -> #REF! | GA8: =AND(#REF!,"AAAAAD///rY=") -> #REF! | GB8: =AND(#REF!,"AAAAAD///rc=") -> #REF! | GC8: =AND(#REF!,"AAAAAD///rg=") -> #REF! | GD8: =AND(#REF!,"AAAAAD///rk=") -> #REF! | GE8: =AND(#REF!,"AAAAAD///ro=") -> #REF! | GF8: =AND(#REF!,"AAAAAD///rs=") -> #REF! | GG8: =IF(#REF!,"AAAAAD///rw=",0) -> #REF! | GH8: =AND(#REF!,"AAAAAD///r0=") -> #REF! | GI8: =AND(#REF!,"AAAAAD///r4=") -> #REF! | GJ8: =AND(#REF!,"AAAAAD///r8=") -> #REF! | GK8: =AND(#REF!,"AAAAAD///sA=") -> #REF! | GL8: =AND(#REF!,"AAAAAD///sE=") -> #REF! | GM8: =AND(#REF!,"AAAAAD///sI=") -> #REF! | GN8: =AND(#REF!,"AAAAAD///sM=") -> #REF! | GO8: =AND(#REF!,"AAAAAD///sQ=") -> #REF! | GP8: =AND(#REF!,"AAAAAD///sU=") -> #REF! | GQ8: =AND(#REF!,"AAAAAD///sY=") -> #REF! | GR8: =IF(#REF!,"AAAAAD///sc=",0) -> #REF! | GS8: =AND(#REF!,"AAAAAD///sg=") -> #REF! | GT8: =AND(#REF!,"AAAAAD///sk=") -> #REF! | GU8: =AND(#REF!,"AAAAAD///so=") -> #REF! | GV8: =AND(#REF!,"AAAAAD///ss=") -> #REF! | GW8: =AND(#REF!,"AAAAAD///sw=") -> #REF! | GX8: =AND(#REF!,"AAAAAD///s0=") -> #REF! | GY8: =AND(#REF!,"AAAAAD///s4=") -> #REF! | GZ8: =AND(#REF!,"AAAAAD///s8=") -> #REF! | HA8: =AND(#REF!,"AAAAAD///tA=") -> #REF! | HB8: =AND(#REF!,"AAAAAD///tE=") -> #REF! | HC8: =IF(#REF!,"AAAAAD///tI=",0) -> #REF! | HD8: =AND(#REF!,"AAAAAD///tM=") -> #REF! | HE8: =AND(#REF!,"AAAAAD///tQ=") -> #REF! | HF8: =AND(#REF!,"AAAAAD///tU=") -> #REF! | HG8: =AND(#REF!,"AAAAAD///tY=") -> #REF! | HH8: =AND(#REF!,"AAAAAD///tc=") -> #REF! | HI8: =AND(#REF!,"AAAAAD///tg=") -> #REF! | HJ8: =AND(#REF!,"AAAAAD///tk=") -> #REF! | HK8: =AND(#REF!,"AAAAAD///to=") -> #REF! | HL8: =AND(#REF!,"AAAAAD///ts=") -> #REF! | HM8: =AND(#REF!,"AAAAAD///tw=") -> #REF! | HN8: =IF(#REF!,"AAAAAD///t0=",0) -> #REF! | HO8: =AND(#REF!,"AAAAAD///t4=") -> #REF! | HP8: =AND(#REF!,"AAAAAD///t8=") -> #REF! | HQ8: =AND(#REF!,"AAAAAD///uA=") -> #REF! | HR8: =AND(#REF!,"AAAAAD///uE=") -> #REF! | HS8: =AND(#REF!,"AAAAAD///uI=") -> #REF! | HT8: =AND(#REF!,"AAAAAD///uM=") -> #REF! | HU8: =AND(#REF!,"AAAAAD///uQ=") -> #REF! | HV8: =AND(#REF!,"AAAAAD///uU=") -> #REF! | HW8: =AND(#REF!,"AAAAAD///uY=") -> #REF! | HX8: =AND(#REF!,"AAAAAD///uc=") -> #REF! | HY8: =IF(#REF!,"AAAAAD///ug=",0) -> #REF! | HZ8: =AND(#REF!,"AAAAAD///uk=") -> #REF! | IA8: =AND(#REF!,"AAAAAD///uo=") -> #REF! | IB8: =AND(#REF!,"AAAAAD///us=") -> #REF! | IC8: =AND(#REF!,"AAAAAD///uw=") -> #REF! | ID8: =AND(#REF!,"AAAAAD///u0=") -> #REF! | IE8: =AND(#REF!,"AAAAAD///u4=") -> #REF! | IF8: =AND(#REF!,"AAAAAD///u8=") -> #REF! | IG8: =AND(#REF!,"AAAAAD///vA=") -> #REF! | IH8: =AND(#REF!,"AAAAAD///vE=") -> #REF! | II8: =AND(#REF!,"AAAAAD///vI=") -> #REF! | IJ8: =IF(#REF!,"AAAAAD///vM=",0) -> #REF! | IK8: =AND(#REF!,"AAAAAD///vQ=") -> #REF! | IL8: =AND(#REF!,"AAAAAD///vU=") -> #REF! | IM8: =AND(#REF!,"AAAAAD///vY=") -> #REF! | IN8: =AND(#REF!,"AAAAAD///vc=") -> #REF! | IO8: =AND(#REF!,"AAAAAD///vg=") -> #REF! | IP8: =AND(#REF!,"AAAAAD///vk=") -> #REF! | IQ8: =AND(#REF!,"AAAAAD///vo=") -> #REF! | IR8: =AND(#REF!,"AAAAAD///vs=") -> #REF! | IS8: =AND(#REF!,"AAAAAD///vw=") -> #REF! | IT8: =AND(#REF!,"AAAAAD///v0=") -> #REF! | IU8: =IF(#REF!,"AAAAAD///v4=",0) -> #REF! | IV8: =AND(#REF!,"AAAAAD///v8=") -> #REF!
A9: =AND(#REF!,"AAAAACnb9wA=") -> #REF! | B9: =AND(#REF!,"AAAAACnb9wE=") -> #REF! | C9: =AND(#REF!,"AAAAACnb9wI=") -> #REF! | D9: =AND(#REF!,"AAAAACnb9wM=") -> #REF! | E9: =AND(#REF!,"AAAAACnb9wQ=") -> #REF! | F9: =AND(#REF!,"AAAAACnb9wU=") -> #REF! | G9: =AND(#REF!,"AAAAACnb9wY=") -> #REF! | H9: =AND(#REF!,"AAAAACnb9wc=") -> #REF! | I9: =AND(#REF!,"AAAAACnb9wg=") -> #REF! | J9: =IF(#REF!,"AAAAACnb9wk=",0) -> #REF! | K9: =AND(#REF!,"AAAAACnb9wo=") -> #REF! | L9: =AND(#REF!,"AAAAACnb9ws=") -> #REF! | M9: =AND(#REF!,"AAAAACnb9ww=") -> #REF! | N9: =AND(#REF!,"AAAAACnb9w0=") -> #REF! | O9: =AND(#REF!,"AAAAACnb9w4=") -> #REF! | P9: =AND(#REF!,"AAAAACnb9w8=") -> #REF! | Q9: =AND(#REF!,"AAAAACnb9xA=") -> #REF! | R9: =AND(#REF!,"AAAAACnb9xE=") -> #REF! | S9: =AND(#REF!,"AAAAACnb9xI=") -> #REF! | T9: =AND(#REF!,"AAAAACnb9xM=") -> #REF! | U9: =IF(#REF!,"AAAAACnb9xQ=",0) -> #REF! | V9: =AND(#REF!,"AAAAACnb9xU=") -> #REF! | W9: =AND(#REF!,"AAAAACnb9xY=") -> #REF! | X9: =AND(#REF!,"AAAAACnb9xc=") -> #REF! | Y9: =AND(#REF!,"AAAAACnb9xg=") -> #REF! | Z9: =AND(#REF!,"AAAAACnb9xk=") -> #REF! | AA9: =AND(#REF!,"AAAAACnb9xo=") -> #REF! | AB9: =AND(#REF!,"AAAAACnb9xs=") -> #REF! | AC9: =AND(#REF!,"AAAAACnb9xw=") -> #REF! | AD9: =AND(#REF!,"AAAAACnb9x0=") -> #REF! | AE9: =AND(#REF!,"AAAAACnb9x4=") -> #REF! | AF9: =IF(#REF!,"AAAAACnb9x8=",0) -> #REF! | AG9: =AND(#REF!,"AAAAACnb9yA=") -> #REF! | AH9: =AND(#REF!,"AAAAACnb9yE=") -> #REF! | AI9: =AND(#REF!,"AAAAACnb9yI=") -> #REF! | AJ9: =AND(#REF!,"AAAAACnb9yM=") -> #REF! | AK9: =AND(#REF!,"AAAAACnb9yQ=") -> #REF! | AL9: =AND(#REF!,"AAAAACnb9yU=") -> #REF! | AM9: =AND(#REF!,"AAAAACnb9yY=") -> #REF! | AN9: =AND(#REF!,"AAAAACnb9yc=") -> #REF! | AO9: =AND(#REF!,"AAAAACnb9yg=") -> #REF! | AP9: =AND(#REF!,"AAAAACnb9yk=") -> #REF! | AQ9: =IF(#REF!,"AAAAACnb9yo=",0) -> #REF! | AR9: =AND(#REF!,"AAAAACnb9ys=") -> #REF! | AS9: =AND(#REF!,"AAAAACnb9yw=") -> #REF! | AT9: =AND(#REF!,"AAAAACnb9y0=") -> #REF! | AU9: =AND(#REF!,"AAAAACnb9y4=") -> #REF! | AV9: =AND(#REF!,"AAAAACnb9y8=") -> #REF! | AW9: =AND(#REF!,"AAAAACnb9zA=") -> #REF! | AX9: =AND(#REF!,"AAAAACnb9zE=") -> #REF! | AY9: =AND(#REF!,"AAAAACnb9zI=") -> #REF! | AZ9: =AND(#REF!,"AAAAACnb9zM=") -> #REF! | BA9: =AND(#REF!,"AAAAACnb9zQ=") -> #REF! | BB9: =IF(#REF!,"AAAAACnb9zU=",0) -> #REF! | BC9: =AND(#REF!,"AAAAACnb9zY=") -> #REF! | BD9: =AND(#REF!,"AAAAACnb9zc=") -> #REF! | BE9: =AND(#REF!,"AAAAACnb9zg=") -> #REF! | BF9: =AND(#REF!,"AAAAACnb9zk=") -> #REF! | BG9: =AND(#REF!,"AAAAACnb9zo=") -> #REF! | BH9: =AND(#REF!,"AAAAACnb9zs=") -> #REF! | BI9: =AND(#REF!,"AAAAACnb9zw=") -> #REF! | BJ9: =AND(#REF!,"AAAAACnb9z0=") -> #REF! | BK9: =AND(#REF!,"AAAAACnb9z4=") -> #REF! | BL9: =AND(#REF!,"AAAAACnb9z8=") -> #REF! | BM9: =IF(#REF!,"AAAAACnb90A=",0) -> #REF! | BN9: =AND(#REF!,"AAAAACnb90E=") -> #REF! | BO9: =AND(#REF!,"AAAAACnb90I=") -> #REF! | BP9: =AND(#REF!,"AAAAACnb90M=") -> #REF! | BQ9: =AND(#REF!,"AAAAACnb90Q=") -> #REF! | BR9: =AND(#REF!,"AAAAACnb90U=") -> #REF! | BS9: =AND(#REF!,"AAAAACnb90Y=") -> #REF! | BT9: =AND(#REF!,"AAAAACnb90c=") -> #REF! | BU9: =AND(#REF!,"AAAAACnb90g=") -> #REF! | BV9: =AND(#REF!,"AAAAACnb90k=") -> #REF! | BW9: =AND(#REF!,"AAAAACnb90o=") -> #REF! | BX9: =IF(#REF!,"AAAAACnb90s=",0) -> #REF! | BY9: =AND(#REF!,"AAAAACnb90w=") -> #REF! | BZ9: =AND(#REF!,"AAAAACnb900=") -> #REF! | CA9: =AND(#REF!,"AAAAACnb904=") -> #REF! | CB9: =AND(#REF!,"AAAAACnb908=") -> #REF! | CC9: =AND(#REF!,"AAAAACnb91A=") -> #REF! | CD9: =AND(#REF!,"AAAAACnb91E=") -> #REF! | CE9: =AND(#REF!,"AAAAACnb91I=") -> #REF! | CF9: =AND(#REF!,"AAAAACnb91M=") -> #REF! | CG9: =AND(#REF!,"AAAAACnb91Q=") -> #REF! | CH9: =AND(#REF!,"AAAAACnb91U=") -> #REF! | CI9: =IF(#REF!,"AAAAACnb91Y=",0) -> #REF! | CJ9: =AND(#REF!,"AAAAACnb91c=") -> #REF! | CK9: =AND(#REF!,"AAAAACnb91g=") -> #REF! | CL9: =AND(#REF!,"AAAAACnb91k=") -> #REF! | CM9: =AND(#REF!,"AAAAACnb91o=") -> #REF! | CN9: =AND(#REF!,"AAAAACnb91s=") -> #REF! | CO9: =AND(#REF!,"AAAAACnb91w=") -> #REF! | CP9: =AND(#REF!,"AAAAACnb910=") -> #REF! | CQ9: =AND(#REF!,"AAAAACnb914=") -> #REF! | CR9: =AND(#REF!,"AAAAACnb918=") -> #REF! | CS9: =AND(#REF!,"AAAAACnb92A=") -> #REF! | CT9: =IF(#REF!,"AAAAACnb92E=",0) -> #REF! | CU9: =AND(#REF!,"AAAAACnb92I=") -> #REF! | CV9: =AND(#REF!,"AAAAACnb92M=") -> #REF! | CW9: =AND(#REF!,"AAAAACnb92Q=") -> #REF! | CX9: =AND(#REF!,"AAAAACnb92U=") -> #REF! | CY9: =AND(#REF!,"AAAAACnb92Y=") -> #REF! | CZ9: =AND(#REF!,"AAAAACnb92c=") -> #REF! | DA9: =AND(#REF!,"AAAAACnb92g=") -> #REF! | DB9: =AND(#REF!,"AAAAACnb92k=") -> #REF! | DC9: =AND(#REF!,"AAAAACnb92o=") -> #REF! | DD9: =AND(#REF!,"AAAAACnb92s=") -> #REF! | DE9: =IF(#REF!,"AAAAACnb92w=",0) -> #REF! | DF9: =AND(#REF!,"AAAAACnb920=") -> #REF! | DG9: =AND(#REF!,"AAAAACnb924=") -> #REF! | DH9: =AND(#REF!,"AAAAACnb928=") -> #REF! | DI9: =AND(#REF!,"AAAAACnb93A=") -> #REF! | DJ9: =AND(#REF!,"AAAAACnb93E=") -> #REF! | DK9: =AND(#REF!,"AAAAACnb93I=") -> #REF! | DL9: =AND(#REF!,"AAAAACnb93M=") -> #REF! | DM9: =AND(#REF!,"AAAAACnb93Q=") -> #REF! | DN9: =AND(#REF!,"AAAAACnb93U=") -> #REF! | DO9: =AND(#REF!,"AAAAACnb93Y=") -> #REF! | DP9: =IF(#REF!,"AAAAACnb93c=",0) -> #REF! | DQ9: =AND(#REF!,"AAAAACnb93g=") -> #REF! | DR9: =AND(#REF!,"AAAAACnb93k=") -> #REF! | DS9: =AND(#REF!,"AAAAACnb93o=") -> #REF! | DT9: =AND(#REF!,"AAAAACnb93s=") -> #REF! | DU9: =AND(#REF!,"AAAAACnb93w=") -> #REF! | DV9: =AND(#REF!,"AAAAACnb930=") -> #REF! | DW9: =AND(#REF!,"AAAAACnb934=") -> #REF! | DX9: =AND(#REF!,"AAAAACnb938=") -> #REF! | DY9: =AND(#REF!,"AAAAACnb94A=") -> #REF! | DZ9: =AND(#REF!,"AAAAACnb94E=") -> #REF! | EA9: =IF(#REF!,"AAAAACnb94I=",0) -> #REF! | EB9: =AND(#REF!,"AAAAACnb94M=") -> #REF! | EC9: =AND(#REF!,"AAAAACnb94Q=") -> #REF! | ED9: =AND(#REF!,"AAAAACnb94U=") -> #REF! | EE9: =AND(#REF!,"AAAAACnb94Y=") -> #REF! | EF9: =AND(#REF!,"AAAAACnb94c=") -> #REF! | EG9: =AND(#REF!,"AAAAACnb94g=") -> #REF! | EH9: =AND(#REF!,"AAAAACnb94k=") -> #REF! | EI9: =AND(#REF!,"AAAAACnb94o=") -> #REF! | EJ9: =AND(#REF!,"AAAAACnb94s=") -> #REF! | EK9: =AND(#REF!,"AAAAACnb94w=") -> #REF! | EL9: =IF(#REF!,"AAAAACnb940=",0) -> #REF! | EM9: =AND(#REF!,"AAAAACnb944=") -> #REF! | EN9: =AND(#REF!,"AAAAACnb948=") -> #REF! | EO9: =AND(#REF!,"AAAAACnb95A=") -> #REF! | EP9: =AND(#REF!,"AAAAACnb95E=") -> #REF! | EQ9: =AND(#REF!,"AAAAACnb95I=") -> #REF! | ER9: =AND(#REF!,"AAAAACnb95M=") -> #REF! | ES9: =AND(#REF!,"AAAAACnb95Q=") -> #REF! | ET9: =AND(#REF!,"AAAAACnb95U=") -> #REF! | EU9: =AND(#REF!,"AAAAACnb95Y=") -> #REF! | EV9: =AND(#REF!,"AAAAACnb95c=") -> #REF! | EW9: =IF(#REF!,"AAAAACnb95g=",0) -> #REF! | EX9: =IF(#REF!,"AAAAACnb95k=",0) -> #REF! | EY9: =IF(#REF!,"AAAAACnb95o=",0) -> #REF! | EZ9: =IF(#REF!,"AAAAACnb95s=",0) -> #REF! | FA9: =IF(#REF!,"AAAAACnb95w=",0) -> #REF! | FB9: =IF(#REF!,"AAAAACnb950=",0) -> #REF! | FC9: =IF(#REF!,"AAAAACnb954=",0) -> #REF! | FD9: =IF(#REF!,"AAAAACnb958=",0) -> #REF! | FE9: =IF(#REF!,"AAAAACnb96A=",0) -> #REF! | FF9: =IF(#REF!,"AAAAACnb96E=",0) -> #REF! | FG9: =IF(#REF!,"AAAAACnb96I=",0) -> #REF! | FH9: =AND(#REF!,"AAAAACnb96M=") -> #REF! | FI9: =AND(#REF!,"AAAAACnb96Q=") -> #REF! | FJ9: =AND(#REF!,"AAAAACnb96U=") -> #REF! | FK9: =AND(#REF!,"AAAAACnb96Y=") -> #REF! | FL9: =AND(#REF!,"AAAAACnb96c=") -> #REF! | FM9: =AND(#REF!,"AAAAACnb96g=") -> #REF! | FN9: =AND(#REF!,"AAAAACnb96k=") -> #REF! | FO9: =AND(#REF!,"AAAAACnb96o=") -> #REF! | FP9: =AND(#REF!,"AAAAACnb96s=") -> #REF! | FQ9: =AND(#REF!,"AAAAACnb96w=") -> #REF! | FR9: =IF(#REF!,"AAAAACnb960=",0) -> #REF! | FS9: =AND(#REF!,"AAAAACnb964=") -> #REF! | FT9: =AND(#REF!,"AAAAACnb968=") -> #REF! | FU9: =AND(#REF!,"AAAAACnb97A=") -> #REF! | FV9: =AND(#REF!,"AAAAACnb97E=") -> #REF! | FW9: =AND(#REF!,"AAAAACnb97I=") -> #REF! | FX9: =AND(#REF!,"AAAAACnb97M=") -> #REF! | FY9: =AND(#REF!,"AAAAACnb97Q=") -> #REF! | FZ9: =AND(#REF!,"AAAAACnb97U=") -> #REF! | GA9: =AND(#REF!,"AAAAACnb97Y=") -> #REF! | GB9: =AND(#REF!,"AAAAACnb97c=") -> #REF! | GC9: =IF(#REF!,"AAAAACnb97g=",0) -> #REF! | GD9: =AND(#REF!,"AAAAACnb97k=") -> #REF! | GE9: =AND(#REF!,"AAAAACnb97o=") -> #REF! | GF9: =AND(#REF!,"AAAAACnb97s=") -> #REF! | GG9: =AND(#REF!,"AAAAACnb97w=") -> #REF! | GH9: =AND(#REF!,"AAAAACnb970=") -> #REF! | GI9: =AND(#REF!,"AAAAACnb974=") -> #REF! | GJ9: =AND(#REF!,"AAAAACnb978=") -> #REF! | GK9: =AND(#REF!,"AAAAACnb98A=") -> #REF! | GL9: =AND(#REF!,"AAAAACnb98E=") -> #REF! | GM9: =AND(#REF!,"AAAAACnb98I=") -> #REF! | GN9: =IF(#REF!,"AAAAACnb98M=",0) -> #REF! | GO9: =AND(#REF!,"AAAAACnb98Q=") -> #REF! | GP9: =AND(#REF!,"AAAAACnb98U=") -> #REF! | GQ9: =AND(#REF!,"AAAAACnb98Y=") -> #REF! | GR9: =AND(#REF!,"AAAAACnb98c=") -> #REF! | GS9: =AND(#REF!,"AAAAACnb98g=") -> #REF! | GT9: =AND(#REF!,"AAAAACnb98k=") -> #REF! | GU9: =AND(#REF!,"AAAAACnb98o=") -> #REF! | GV9: =AND(#REF!,"AAAAACnb98s=") -> #REF! | GW9: =AND(#REF!,"AAAAACnb98w=") -> #REF! | GX9: =AND(#REF!,"AAAAACnb980=") -> #REF! | GY9: =IF(#REF!,"AAAAACnb984=",0) -> #REF! | GZ9: =AND(#REF!,"AAAAACnb988=") -> #REF! | HA9: =AND(#REF!,"AAAAACnb99A=") -> #REF! | HB9: =AND(#REF!,"AAAAACnb99E=") -> #REF! | HC9: =AND(#REF!,"AAAAACnb99I=") -> #REF! | HD9: =AND(#REF!,"AAAAACnb99M=") -> #REF! | HE9: =AND(#REF!,"AAAAACnb99Q=") -> #REF! | HF9: =AND(#REF!,"AAAAACnb99U=") -> #REF! | HG9: =AND(#REF!,"AAAAACnb99Y=") -> #REF! | HH9: =AND(#REF!,"AAAAACnb99c=") -> #REF! | HI9: =AND(#REF!,"AAAAACnb99g=") -> #REF! | HJ9: =IF(#REF!,"AAAAACnb99k=",0) -> #REF! | HK9: =AND(#REF!,"AAAAACnb99o=") -> #REF! | HL9: =AND(#REF!,"AAAAACnb99s=") -> #REF! | HM9: =AND(#REF!,"AAAAACnb99w=") -> #REF! | HN9: =AND(#REF!,"AAAAACnb990=") -> #REF! | HO9: =AND(#REF!,"AAAAACnb994=") -> #REF! | HP9: =AND(#REF!,"AAAAACnb998=") -> #REF! | HQ9: =AND(#REF!,"AAAAACnb9+A=") -> #REF! | HR9: =AND(#REF!,"AAAAACnb9+E=") -> #REF! | HS9: =AND(#REF!,"AAAAACnb9+I=") -> #REF! | HT9: =AND(#REF!,"AAAAACnb9+M=") -> #REF! | HU9: =IF(#REF!,"AAAAACnb9+Q=",0) -> #REF! | HV9: =AND(#REF!,"AAAAACnb9+U=") -> #REF! | HW9: =AND(#REF!,"AAAAACnb9+Y=") -> #REF! | HX9: =AND(#REF!,"AAAAACnb9+c=") -> #REF! | HY9: =AND(#REF!,"AAAAACnb9+g=") -> #REF! | HZ9: =AND(#REF!,"AAAAACnb9+k=") -> #REF! | IA9: =AND(#REF!,"AAAAACnb9+o=") -> #REF! | IB9: =AND(#REF!,"AAAAACnb9+s=") -> #REF! | IC9: =AND(#REF!,"AAAAACnb9+w=") -> #REF! | ID9: =AND(#REF!,"AAAAACnb9+0=") -> #REF! | IE9: =AND(#REF!,"AAAAACnb9+4=") -> #REF! | IF9: =IF(#REF!,"AAAAACnb9+8=",0) -> #REF! | IG9: =AND(#REF!,"AAAAACnb9/A=") -> #REF! | IH9: =AND(#REF!,"AAAAACnb9/E=") -> #REF! | II9: =AND(#REF!,"AAAAACnb9/I=") -> #REF! | IJ9: =AND(#REF!,"AAAAACnb9/M=") -> #REF! | IK9: =AND(#REF!,"AAAAACnb9/Q=") -> #REF! | IL9: =AND(#REF!,"AAAAACnb9/U=") -> #REF! | IM9: =AND(#REF!,"AAAAACnb9/Y=") -> #REF! | IN9: =AND(#REF!,"AAAAACnb9/c=") -> #REF! | IO9: =AND(#REF!,"AAAAACnb9/g=") -> #REF! | IP9: =AND(#REF!,"AAAAACnb9/k=") -> #REF! | IQ9: =IF(#REF!,"AAAAACnb9/o=",0) -> #REF! | IR9: =AND(#REF!,"AAAAACnb9/s=") -> #REF! | IS9: =AND(#REF!,"AAAAACnb9/w=") -> #REF! | IT9: =AND(#REF!,"AAAAACnb9/0=") -> #REF! | IU9: =AND(#REF!,"AAAAACnb9/4=") -> #REF! | IV9: =AND(#REF!,"AAAAACnb9/8=") -> #REF!
A10: =AND(#REF!,"AAAAABw+eQA=") -> #REF! | B10: =AND(#REF!,"AAAAABw+eQE=") -> #REF! | C10: =AND(#REF!,"AAAAABw+eQI=") -> #REF! | D10: =AND(#REF!,"AAAAABw+eQM=") -> #REF! | E10: =AND(#REF!,"AAAAABw+eQQ=") -> #REF! | F10: =IF(#REF!,"AAAAABw+eQU=",0) -> #REF! | G10: =AND(#REF!,"AAAAABw+eQY=") -> #REF! | H10: =AND(#REF!,"AAAAABw+eQc=") -> #REF! | I10: =AND(#REF!,"AAAAABw+eQg=") -> #REF! | J10: =AND(#REF!,"AAAAABw+eQk=") -> #REF! | K10: =AND(#REF!,"AAAAABw+eQo=") -> #REF! | L10: =AND(#REF!,"AAAAABw+eQs=") -> #REF! | M10: =AND(#REF!,"AAAAABw+eQw=") -> #REF! | N10: =AND(#REF!,"AAAAABw+eQ0=") -> #REF! | O10: =AND(#REF!,"AAAAABw+eQ4=") -> #REF! | P10: =AND(#REF!,"AAAAABw+eQ8=") -> #REF! | Q10: =IF(#REF!,"AAAAABw+eRA=",0) -> #REF! | R10: =AND(#REF!,"AAAAABw+eRE=") -> #REF! | S10: =AND(#REF!,"AAAAABw+eRI=") -> #REF! | T10: =AND(#REF!,"AAAAABw+eRM=") -> #REF! | U10: =AND(#REF!,"AAAAABw+eRQ=") -> #REF! | V10: =AND(#REF!,"AAAAABw+eRU=") -> #REF! | W10: =AND(#REF!,"AAAAABw+eRY=") -> #REF! | X10: =AND(#REF!,"AAAAABw+eRc=") -> #REF! | Y10: =AND(#REF!,"AAAAABw+eRg=") -> #REF! | Z10: =AND(#REF!,"AAAAABw+eRk=") -> #REF! | AA10: =AND(#REF!,"AAAAABw+eRo=") -> #REF! | AB10: =IF(#REF!,"AAAAABw+eRs=",0) -> #REF! | AC10: =AND(#REF!,"AAAAABw+eRw=") -> #REF! | AD10: =AND(#REF!,"AAAAABw+eR0=") -> #REF! | AE10: =AND(#REF!,"AAAAABw+eR4=") -> #REF! | AF10: =AND(#REF!,"AAAAABw+eR8=") -> #REF! | AG10: =AND(#REF!,"AAAAABw+eSA=") -> #REF! | AH10: =AND(#REF!,"AAAAABw+eSE=") -> #REF! | AI10: =AND(#REF!,"AAAAABw+eSI=") -> #REF! | AJ10: =AND(#REF!,"AAAAABw+eSM=") -> #REF! | AK10: =AND(#REF!,"AAAAABw+eSQ=") -> #REF! | AL10: =AND(#REF!,"AAAAABw+eSU=") -> #REF! | AM10: =IF(#REF!,"AAAAABw+eSY=",0) -> #REF! | AN10: =AND(#REF!,"AAAAABw+eSc=") -> #REF! | AO10: =AND(#REF!,"AAAAABw+eSg=") -> #REF! | AP10: =AND(#REF!,"AAAAABw+eSk=") -> #REF! | AQ10: =AND(#REF!,"AAAAABw+eSo=") -> #REF! | AR10: =AND(#REF!,"AAAAABw+eSs=") -> #REF! | AS10: =AND(#REF!,"AAAAABw+eSw=") -> #REF! | AT10: =AND(#REF!,"AAAAABw+eS0=") -> #REF! | AU10: =AND(#REF!,"AAAAABw+eS4=") -> #REF! | AV10: =AND(#REF!,"AAAAABw+eS8=") -> #REF! | AW10: =AND(#REF!,"AAAAABw+eTA=") -> #REF! | AX10: =IF(#REF!,"AAAAABw+eTE=",0) -> #REF! | AY10: =AND(#REF!,"AAAAABw+eTI=") -> #REF! | AZ10: =AND(#REF!,"AAAAABw+eTM=") -> #REF! | BA10: =AND(#REF!,"AAAAABw+eTQ=") -> #REF! | BB10: =AND(#REF!,"AAAAABw+eTU=") -> #REF! | BC10: =AND(#REF!,"AAAAABw+eTY=") -> #REF! | BD10: =AND(#REF!,"AAAAABw+eTc=") -> #REF! | BE10: =AND(#REF!,"AAAAABw+eTg=") -> #REF! | BF10: =AND(#REF!,"AAAAABw+eTk=") -> #REF! | BG10: =AND(#REF!,"AAAAABw+eTo=") -> #REF! | BH10: =AND(#REF!,"AAAAABw+eTs=") -> #REF! | BI10: =IF(#REF!,"AAAAABw+eTw=",0) -> #REF! | BJ10: =AND(#REF!,"AAAAABw+eT0=") -> #REF! | BK10: =AND(#REF!,"AAAAABw+eT4=") -> #REF! | BL10: =AND(#REF!,"AAAAABw+eT8=") -> #REF! | BM10: =AND(#REF!,"AAAAABw+eUA=") -> #REF! | BN10: =AND(#REF!,"AAAAABw+eUE=") -> #REF! | BO10: =AND(#REF!,"AAAAABw+eUI=") -> #REF! | BP10: =AND(#REF!,"AAAAABw+eUM=") -> #REF! | BQ10: =AND(#REF!,"AAAAABw+eUQ=") -> #REF! | BR10: =AND(#REF!,"AAAAABw+eUU=") -> #REF! | BS10: =AND(#REF!,"AAAAABw+eUY=") -> #REF! | BT10: =IF(#REF!,"AAAAABw+eUc=",0) -> #REF! | BU10: =AND(#REF!,"AAAAABw+eUg=") -> #REF! | BV10: =AND(#REF!,"AAAAABw+eUk=") -> #REF! | BW10: =AND(#REF!,"AAAAABw+eUo=") -> #REF! | BX10: =AND(#REF!,"AAAAABw+eUs=") -> #REF! | BY10: =AND(#REF!,"AAAAABw+eUw=") -> #REF! | BZ10: =AND(#REF!,"AAAAABw+eU0=") -> #REF! | CA10: =AND(#REF!,"AAAAABw+eU4=") -> #REF! | CB10: =AND(#REF!,"AAAAABw+eU8=") -> #REF! | CC10: =AND(#REF!,"AAAAABw+eVA=") -> #REF! | CD10: =AND(#REF!,"AAAAABw+eVE=") -> #REF! | CE10: =IF(#REF!,"AAAAABw+eVI=",0) -> #REF! | CF10: =AND(#REF!,"AAAAABw+eVM=") -> #REF! | CG10: =AND(#REF!,"AAAAABw+eVQ=") -> #REF! | CH10: =AND(#REF!,"AAAAABw+eVU=") -> #REF! | CI10: =AND(#REF!,"AAAAABw+eVY=") -> #REF! | CJ10: =AND(#REF!,"AAAAABw+eVc=") -> #REF! | CK10: =AND(#REF!,"AAAAABw+eVg=") -> #REF! | CL10: =AND(#REF!,"AAAAABw+eVk=") -> #REF! | CM10: =AND(#REF!,"AAAAABw+eVo=") -> #REF! | CN10: =AND(#REF!,"AAAAABw+eVs=") -> #REF! | CO10: =AND(#REF!,"AAAAABw+eVw=") -> #REF! | CP10: =IF(#REF!,"AAAAABw+eV0=",0) -> #REF! | CQ10: =AND(#REF!,"AAAAABw+eV4=") -> #REF! | CR10: =AND(#REF!,"AAAAABw+eV8=") -> #REF! | CS10: =AND(#REF!,"AAAAABw+eWA=") -> #REF! | CT10: =AND(#REF!,"AAAAABw+eWE=") -> #REF! | CU10: =AND(#REF!,"AAAAABw+eWI=") -> #REF! | CV10: =AND(#REF!,"AAAAABw+eWM=") -> #REF! | CW10: =AND(#REF!,"AAAAABw+eWQ=") -> #REF! | CX10: =AND(#REF!,"AAAAABw+eWU=") -> #REF! | CY10: =AND(#REF!,"AAAAABw+eWY=") -> #REF! | CZ10: =AND(#REF!,"AAAAABw+eWc=") -> #REF! | DA10: =IF(#REF!,"AAAAABw+eWg=",0) -> #REF! | DB10: =AND(#REF!,"AAAAABw+eWk=") -> #REF! | DC10: =AND(#REF!,"AAAAABw+eWo=") -> #REF! | DD10: =AND(#REF!,"AAAAABw+eWs=") -> #REF! | DE10: =AND(#REF!,"AAAAABw+eWw=") -> #REF! | DF10: =AND(#REF!,"AAAAABw+eW0=") -> #REF! | DG10: =AND(#REF!,"AAAAABw+eW4=") -> #REF! | DH10: =AND(#REF!,"AAAAABw+eW8=") -> #REF! | DI10: =AND(#REF!,"AAAAABw+eXA=") -> #REF! | DJ10: =AND(#REF!,"AAAAABw+eXE=") -> #REF! | DK10: =AND(#REF!,"AAAAABw+eXI=") -> #REF! | DL10: =IF(#REF!,"AAAAABw+eXM=",0) -> #REF! | DM10: =AND(#REF!,"AAAAABw+eXQ=") -> #REF! | DN10: =AND(#REF!,"AAAAABw+eXU=") -> #REF! | DO10: =AND(#REF!,"AAAAABw+eXY=") -> #REF! | DP10: =AND(#REF!,"AAAAABw+eXc=") -> #REF! | DQ10: =AND(#REF!,"AAAAABw+eXg=") -> #REF! | DR10: =AND(#REF!,"AAAAABw+eXk=") -> #REF! | DS10: =AND(#REF!,"AAAAABw+eXo=") -> #REF! | DT10: =AND(#REF!,"AAAAABw+eXs=") -> #REF! | DU10: =AND(#REF!,"AAAAABw+eXw=") -> #REF! | DV10: =AND(#REF!,"AAAAABw+eX0=") -> #REF! | DW10: =IF(#REF!,"AAAAABw+eX4=",0) -> #REF! | DX10: =AND(#REF!,"AAAAABw+eX8=") -> #REF! | DY10: =AND(#REF!,"AAAAABw+eYA=") -> #REF! | DZ10: =AND(#REF!,"AAAAABw+eYE=") -> #REF! | EA10: =AND(#REF!,"AAAAABw+eYI=") -> #REF! | EB10: =AND(#REF!,"AAAAABw+eYM=") -> #REF! | EC10: =AND(#REF!,"AAAAABw+eYQ=") -> #REF! | ED10: =AND(#REF!,"AAAAABw+eYU=") -> #REF! | EE10: =AND(#REF!,"AAAAABw+eYY=") -> #REF! | EF10: =AND(#REF!,"AAAAABw+eYc=") -> #REF! | EG10: =AND(#REF!,"AAAAABw+eYg=") -> #REF! | EH10: =IF(#REF!,"AAAAABw+eYk=",0) -> #REF! | EI10: =AND(#REF!,"AAAAABw+eYo=") -> #REF! | EJ10: =AND(#REF!,"AAAAABw+eYs=") -> #REF! | EK10: =AND(#REF!,"AAAAABw+eYw=") -> #REF! | EL10: =AND(#REF!,"AAAAABw+eY0=") -> #REF! | EM10: =AND(#REF!,"AAAAABw+eY4=") -> #REF! | EN10: =AND(#REF!,"AAAAABw+eY8=") -> #REF! | EO10: =AND(#REF!,"AAAAABw+eZA=") -> #REF! | EP10: =AND(#REF!,"AAAAABw+eZE=") -> #REF! | EQ10: =AND(#REF!,"AAAAABw+eZI=") -> #REF! | ER10: =AND(#REF!,"AAAAABw+eZM=") -> #REF! | ES10: =IF(#REF!,"AAAAABw+eZQ=",0) -> #REF! | ET10: =AND(#REF!,"AAAAABw+eZU=") -> #REF! | EU10: =AND(#REF!,"AAAAABw+eZY=") -> #REF! | EV10: =AND(#REF!,"AAAAABw+eZc=") -> #REF! | EW10: =AND(#REF!,"AAAAABw+eZg=") -> #REF! | EX10: =AND(#REF!,"AAAAABw+eZk=") -> #REF! | EY10: =AND(#REF!,"AAAAABw+eZo=") -> #REF! | EZ10: =AND(#REF!,"AAAAABw+eZs=") -> #REF! | FA10: =AND(#REF!,"AAAAABw+eZw=") -> #REF! | FB10: =AND(#REF!,"AAAAABw+eZ0=") -> #REF! | FC10: =AND(#REF!,"AAAAABw+eZ4=") -> #REF! | FD10: =IF(#REF!,"AAAAABw+eZ8=",0) -> #REF! | FE10: =AND(#REF!,"AAAAABw+eaA=") -> #REF! | FF10: =AND(#REF!,"AAAAABw+eaE=") -> #REF! | FG10: =AND(#REF!,"AAAAABw+eaI=") -> #REF! | FH10: =AND(#REF!,"AAAAABw+eaM=") -> #REF! | FI10: =AND(#REF!,"AAAAABw+eaQ=") -> #REF! | FJ10: =AND(#REF!,"AAAAABw+eaU=") -> #REF! | FK10: =AND(#REF!,"AAAAABw+eaY=") -> #REF! | FL10: =AND(#REF!,"AAAAABw+eac=") -> #REF! | FM10: =AND(#REF!,"AAAAABw+eag=") -> #REF! | FN10: =AND(#REF!,"AAAAABw+eak=") -> #REF! | FO10: =IF(#REF!,"AAAAABw+eao=",0) -> #REF! | FP10: =AND(#REF!,"AAAAABw+eas=") -> #REF! | FQ10: =AND(#REF!,"AAAAABw+eaw=") -> #REF! | FR10: =AND(#REF!,"AAAAABw+ea0=") -> #REF! | FS10: =AND(#REF!,"AAAAABw+ea4=") -> #REF! | FT10: =AND(#REF!,"AAAAABw+ea8=") -> #REF! | FU10: =AND(#REF!,"AAAAABw+ebA=") -> #REF! | FV10: =AND(#REF!,"AAAAABw+ebE=") -> #REF! | FW10: =AND(#REF!,"AAAAABw+ebI=") -> #REF! | FX10: =AND(#REF!,"AAAAABw+ebM=") -> #REF! | FY10: =AND(#REF!,"AAAAABw+ebQ=") -> #REF! | FZ10: =IF(#REF!,"AAAAABw+ebU=",0) -> #REF! | GA10: =AND(#REF!,"AAAAABw+ebY=") -> #REF! | GB10: =AND(#REF!,"AAAAABw+ebc=") -> #REF! | GC10: =AND(#REF!,"AAAAABw+ebg=") -> #REF! | GD10: =AND(#REF!,"AAAAABw+ebk=") -> #REF! | GE10: =AND(#REF!,"AAAAABw+ebo=") -> #REF! | GF10: =AND(#REF!,"AAAAABw+ebs=") -> #REF! | GG10: =AND(#REF!,"AAAAABw+ebw=") -> #REF! | GH10: =AND(#REF!,"AAAAABw+eb0=") -> #REF! | GI10: =AND(#REF!,"AAAAABw+eb4=") -> #REF! | GJ10: =AND(#REF!,"AAAAABw+eb8=") -> #REF! | GK10: =IF(#REF!,"AAAAABw+ecA=",0) -> #REF! | GL10: =AND(#REF!,"AAAAABw+ecE=") -> #REF! | GM10: =AND(#REF!,"AAAAABw+ecI=") -> #REF! | GN10: =AND(#REF!,"AAAAABw+ecM=") -> #REF! | GO10: =AND(#REF!,"AAAAABw+ecQ=") -> #REF! | GP10: =AND(#REF!,"AAAAABw+ecU=") -> #REF! | GQ10: =AND(#REF!,"AAAAABw+ecY=") -> #REF! | GR10: =AND(#REF!,"AAAAABw+ecc=") -> #REF! | GS10: =AND(#REF!,"AAAAABw+ecg=") -> #REF! | GT10: =AND(#REF!,"AAAAABw+eck=") -> #REF! | GU10: =AND(#REF!,"AAAAABw+eco=") -> #REF! | GV10: =IF(#REF!,"AAAAABw+ecs=",0) -> #REF! | GW10: =AND(#REF!,"AAAAABw+ecw=") -> #REF! | GX10: =AND(#REF!,"AAAAABw+ec0=") -> #REF! | GY10: =AND(#REF!,"AAAAABw+ec4=") -> #REF! | GZ10: =AND(#REF!,"AAAAABw+ec8=") -> #REF! | HA10: =AND(#REF!,"AAAAABw+edA=") -> #REF! | HB10: =AND(#REF!,"AAAAABw+edE=") -> #REF! | HC10: =AND(#REF!,"AAAAABw+edI=") -> #REF! | HD10: =AND(#REF!,"AAAAABw+edM=") -> #REF! | HE10: =AND(#REF!,"AAAAABw+edQ=") -> #REF! | HF10: =AND(#REF!,"AAAAABw+edU=") -> #REF! | HG10: =IF(#REF!,"AAAAABw+edY=",0) -> #REF! | HH10: =AND(#REF!,"AAAAABw+edc=") -> #REF! | HI10: =AND(#REF!,"AAAAABw+edg=") -> #REF! | HJ10: =AND(#REF!,"AAAAABw+edk=") -> #REF! | HK10: =AND(#REF!,"AAAAABw+edo=") -> #REF! | HL10: =AND(#REF!,"AAAAABw+eds=") -> #REF! | HM10: =AND(#REF!,"AAAAABw+edw=") -> #REF! | HN10: =AND(#REF!,"AAAAABw+ed0=") -> #REF! | HO10: =AND(#REF!,"AAAAABw+ed4=") -> #REF! | HP10: =AND(#REF!,"AAAAABw+ed8=") -> #REF! | HQ10: =AND(#REF!,"AAAAABw+eeA=") -> #REF! | HR10: =IF(#REF!,"AAAAABw+eeE=",0) -> #REF! | HS10: =AND(#REF!,"AAAAABw+eeI=") -> #REF! | HT10: =AND(#REF!,"AAAAABw+eeM=") -> #REF! | HU10: =AND(#REF!,"AAAAABw+eeQ=") -> #REF! | HV10: =AND(#REF!,"AAAAABw+eeU=") -> #REF! | HW10: =AND(#REF!,"AAAAABw+eeY=") -> #REF! | HX10: =AND(#REF!,"AAAAABw+eec=") -> #REF! | HY10: =AND(#REF!,"AAAAABw+eeg=") -> #REF! | HZ10: =AND(#REF!,"AAAAABw+eek=") -> #REF! | IA10: =AND(#REF!,"AAAAABw+eeo=") -> #REF! | IB10: =AND(#REF!,"AAAAABw+ees=") -> #REF! | IC10: =IF(#REF!,"AAAAABw+eew=",0) -> #REF! | ID10: =AND(#REF!,"AAAAABw+ee0=") -> #REF! | IE10: =AND(#REF!,"AAAAABw+ee4=") -> #REF! | IF10: =AND(#REF!,"AAAAABw+ee8=") -> #REF! | IG10: =AND(#REF!,"AAAAABw+efA=") -> #REF! | IH10: =AND(#REF!,"AAAAABw+efE=") -> #REF! | II10: =AND(#REF!,"AAAAABw+efI=") -> #REF! | IJ10: =AND(#REF!,"AAAAABw+efM=") -> #REF! | IK10: =AND(#REF!,"AAAAABw+efQ=") -> #REF! | IL10: =AND(#REF!,"AAAAABw+efU=") -> #REF! | IM10: =AND(#REF!,"AAAAABw+efY=") -> #REF! | IN10: =IF(#REF!,"AAAAABw+efc=",0) -> #REF! | IO10: =AND(#REF!,"AAAAABw+efg=") -> #REF! | IP10: =AND(#REF!,"AAAAABw+efk=") -> #REF! | IQ10: =AND(#REF!,"AAAAABw+efo=") -> #REF! | IR10: =AND(#REF!,"AAAAABw+efs=") -> #REF! | IS10: =AND(#REF!,"AAAAABw+efw=") -> #REF! | IT10: =AND(#REF!,"AAAAABw+ef0=") -> #REF! | IU10: =AND(#REF!,"AAAAABw+ef4=") -> #REF! | IV10: =AND(#REF!,"AAAAABw+ef8=") -> #REF!
A11: =AND(#REF!,"AAAAABd//wA=") -> #REF! | B11: =AND(#REF!,"AAAAABd//wE=") -> #REF! | C11: =IF(#REF!,"AAAAABd//wI=",0) -> #REF! | D11: =AND(#REF!,"AAAAABd//wM=") -> #REF! | E11: =AND(#REF!,"AAAAABd//wQ=") -> #REF! | F11: =AND(#REF!,"AAAAABd//wU=") -> #REF! | G11: =AND(#REF!,"AAAAABd//wY=") -> #REF! | H11: =AND(#REF!,"AAAAABd//wc=") -> #REF! | I11: =AND(#REF!,"AAAAABd//wg=") -> #REF! | J11: =AND(#REF!,"AAAAABd//wk=") -> #REF! | K11: =AND(#REF!,"AAAAABd//wo=") -> #REF! | L11: =AND(#REF!,"AAAAABd//ws=") -> #REF! | M11: =AND(#REF!,"AAAAABd//ww=") -> #REF! | N11: =IF(#REF!,"AAAAABd//w0=",0) -> #REF! | O11: =AND(#REF!,"AAAAABd//w4=") -> #REF! | P11: =AND(#REF!,"AAAAABd//w8=") -> #REF! | Q11: =AND(#REF!,"AAAAABd//xA=") -> #REF! | R11: =AND(#REF!,"AAAAABd//xE=") -> #REF! | S11: =AND(#REF!,"AAAAABd//xI=") -> #REF! | T11: =AND(#REF!,"AAAAABd//xM=") -> #REF! | U11: =AND(#REF!,"AAAAABd//xQ=") -> #REF! | V11: =AND(#REF!,"AAAAABd//xU=") -> #REF! | W11: =AND(#REF!,"AAAAABd//xY=") -> #REF! | X11: =AND(#REF!,"AAAAABd//xc=") -> #REF! | Y11: =IF(#REF!,"AAAAABd//xg=",0) -> #REF! | Z11: =AND(#REF!,"AAAAABd//xk=") -> #REF! | AA11: =AND(#REF!,"AAAAABd//xo=") -> #REF! | AB11: =AND(#REF!,"AAAAABd//xs=") -> #REF! | AC11: =AND(#REF!,"AAAAABd//xw=") -> #REF! | AD11: =AND(#REF!,"AAAAABd//x0=") -> #REF! | AE11: =AND(#REF!,"AAAAABd//x4=") -> #REF! | AF11: =AND(#REF!,"AAAAABd//x8=") -> #REF! | AG11: =AND(#REF!,"AAAAABd//yA=") -> #REF! | AH11: =AND(#REF!,"AAAAABd//yE=") -> #REF! | AI11: =AND(#REF!,"AAAAABd//yI=") -> #REF! | AJ11: =IF(#REF!,"AAAAABd//yM=",0) -> #REF! | AK11: =AND(#REF!,"AAAAABd//yQ=") -> #REF! | AL11: =AND(#REF!,"AAAAABd//yU=") -> #REF! | AM11: =AND(#REF!,"AAAAABd//yY=") -> #REF! | AN11: =AND(#REF!,"AAAAABd//yc=") -> #REF! | AO11: =AND(#REF!,"AAAAABd//yg=") -> #REF! | AP11: =AND(#REF!,"AAAAABd//yk=") -> #REF! | AQ11: =AND(#REF!,"AAAAABd//yo=") -> #REF! | AR11: =AND(#REF!,"AAAAABd//ys=") -> #REF! | AS11: =AND(#REF!,"AAAAABd//yw=") -> #REF! | AT11: =AND(#REF!,"AAAAABd//y0=") -> #REF! | AU11: =IF(#REF!,"AAAAABd//y4=",0) -> #REF! | AV11: =AND(#REF!,"AAAAABd//y8=") -> #REF! | AW11: =AND(#REF!,"AAAAABd//zA=") -> #REF! | AX11: =AND(#REF!,"AAAAABd//zE=") -> #REF! | AY11: =AND(#REF!,"AAAAABd//zI=") -> #REF! | AZ11: =AND(#REF!,"AAAAABd//zM=") -> #REF! | BA11: =AND(#REF!,"AAAAABd//zQ=") -> #REF! | BB11: =AND(#REF!,"AAAAABd//zU=") -> #REF! | BC11: =AND(#REF!,"AAAAABd//zY=") -> #REF! | BD11: =AND(#REF!,"AAAAABd//zc=") -> #REF! | BE11: =AND(#REF!,"AAAAABd//zg=") -> #REF! | BF11: =IF(#REF!,"AAAAABd//zk=",0) -> #REF! | BG11: =AND(#REF!,"AAAAABd//zo=") -> #REF! | BH11: =AND(#REF!,"AAAAABd//zs=") -> #REF! | BI11: =AND(#REF!,"AAAAABd//zw=") -> #REF! | BJ11: =AND(#REF!,"AAAAABd//z0=") -> #REF! | BK11: =AND(#REF!,"AAAAABd//z4=") -> #REF! | BL11: =AND(#REF!,"AAAAABd//z8=") -> #REF! | BM11: =AND(#REF!,"AAAAABd//0A=") -> #REF! | BN11: =AND(#REF!,"AAAAABd//0E=") -> #REF! | BO11: =AND(#REF!,"AAAAABd//0I=") -> #REF! | BP11: =AND(#REF!,"AAAAABd//0M=") -> #REF! | BQ11: =IF(#REF!,"AAAAABd//0Q=",0) -> #REF! | BR11: =AND(#REF!,"AAAAABd//0U=") -> #REF! | BS11: =AND(#REF!,"AAAAABd//0Y=") -> #REF! | BT11: =AND(#REF!,"AAAAABd//0c=") -> #REF! | BU11: =AND(#REF!,"AAAAABd//0g=") -> #REF! | BV11: =AND(#REF!,"AAAAABd//0k=") -> #REF! | BW11: =AND(#REF!,"AAAAABd//0o=") -> #REF! | BX11: =AND(#REF!,"AAAAABd//0s=") -> #REF! | BY11: =AND(#REF!,"AAAAABd//0w=") -> #REF! | BZ11: =AND(#REF!,"AAAAABd//00=") -> #REF! | CA11: =AND(#REF!,"AAAAABd//04=") -> #REF! | CB11: =IF(#REF!,"AAAAABd//08=",0) -> #REF! | CC11: =AND(#REF!,"AAAAABd//1A=") -> #REF! | CD11: =AND(#REF!,"AAAAABd//1E=") -> #REF! | CE11: =AND(#REF!,"AAAAABd//1I=") -> #REF! | CF11: =AND(#REF!,"AAAAABd//1M=") -> #REF! | CG11: =AND(#REF!,"AAAAABd//1Q=") -> #REF! | CH11: =AND(#REF!,"AAAAABd//1U=") -> #REF! | CI11: =AND(#REF!,"AAAAABd//1Y=") -> #REF! | CJ11: =AND(#REF!,"AAAAABd//1c=") -> #REF! | CK11: =AND(#REF!,"AAAAABd//1g=") -> #REF! | CL11: =AND(#REF!,"AAAAABd//1k=") -> #REF! | CM11: =IF(#REF!,"AAAAABd//1o=",0) -> #REF! | CN11: =AND(#REF!,"AAAAABd//1s=") -> #REF! | CO11: =AND(#REF!,"AAAAABd//1w=") -> #REF! | CP11: =AND(#REF!,"AAAAABd//10=") -> #REF! | CQ11: =AND(#REF!,"AAAAABd//14=") -> #REF! | CR11: =AND(#REF!,"AAAAABd//18=") -> #REF! | CS11: =AND(#REF!,"AAAAABd//2A=") -> #REF! | CT11: =AND(#REF!,"AAAAABd//2E=") -> #REF! | CU11: =AND(#REF!,"AAAAABd//2I=") -> #REF! | CV11: =AND(#REF!,"AAAAABd//2M=") -> #REF! | CW11: =AND(#REF!,"AAAAABd//2Q=") -> #REF! | CX11: =IF(#REF!,"AAAAABd//2U=",0) -> #REF! | CY11: =AND(#REF!,"AAAAABd//2Y=") -> #REF! | CZ11: =AND(#REF!,"AAAAABd//2c=") -> #REF! | DA11: =AND(#REF!,"AAAAABd//2g=") -> #REF! | DB11: =AND(#REF!,"AAAAABd//2k=") -> #REF! | DC11: =AND(#REF!,"AAAAABd//2o=") -> #REF! | DD11: =AND(#REF!,"AAAAABd//2s=") -> #REF! | DE11: =AND(#REF!,"AAAAABd//2w=") -> #REF! | DF11: =AND(#REF!,"AAAAABd//20=") -> #REF! | DG11: =AND(#REF!,"AAAAABd//24=") -> #REF! | DH11: =AND(#REF!,"AAAAABd//28=") -> #REF! | DI11: =IF(#REF!,"AAAAABd//3A=",0) -> #REF! | DJ11: =AND(#REF!,"AAAAABd//3E=") -> #REF! | DK11: =AND(#REF!,"AAAAABd//3I=") -> #REF! | DL11: =AND(#REF!,"AAAAABd//3M=") -> #REF! | DM11: =AND(#REF!,"AAAAABd//3Q=") -> #REF! | DN11: =AND(#REF!,"AAAAABd//3U=") -> #REF! | DO11: =AND(#REF!,"AAAAABd//3Y=") -> #REF! | DP11: =AND(#REF!,"AAAAABd//3c=") -> #REF! | DQ11: =AND(#REF!,"AAAAABd//3g=") -> #REF! | DR11: =AND(#REF!,"AAAAABd//3k=") -> #REF! | DS11: =AND(#REF!,"AAAAABd//3o=") -> #REF! | DT11: =IF(#REF!,"AAAAABd//3s=",0) -> #REF! | DU11: =AND(#REF!,"AAAAABd//3w=") -> #REF! | DV11: =AND(#REF!,"AAAAABd//30=") -> #REF! | DW11: =AND(#REF!,"AAAAABd//34=") -> #REF! | DX11: =AND(#REF!,"AAAAABd//38=") -> #REF! | DY11: =AND(#REF!,"AAAAABd//4A=") -> #REF! | DZ11: =AND(#REF!,"AAAAABd//4E=") -> #REF! | EA11: =AND(#REF!,"AAAAABd//4I=") -> #REF! | EB11: =AND(#REF!,"AAAAABd//4M=") -> #REF! | EC11: =AND(#REF!,"AAAAABd//4Q=") -> #REF! | ED11: =AND(#REF!,"AAAAABd//4U=") -> #REF! | EE11: =IF(#REF!,"AAAAABd//4Y=",0) -> #REF! | EF11: =AND(#REF!,"AAAAABd//4c=") -> #REF! | EG11: =AND(#REF!,"AAAAABd//4g=") -> #REF! | EH11: =AND(#REF!,"AAAAABd//4k=") -> #REF! | EI11: =AND(#REF!,"AAAAABd//4o=") -> #REF! | EJ11: =AND(#REF!,"AAAAABd//4s=") -> #REF! | EK11: =AND(#REF!,"AAAAABd//4w=") -> #REF! | EL11: =AND(#REF!,"AAAAABd//40=") -> #REF! | EM11: =AND(#REF!,"AAAAABd//44=") -> #REF! | EN11: =AND(#REF!,"AAAAABd//48=") -> #REF! | EO11: =AND(#REF!,"AAAAABd//5A=") -> #REF! | EP11: =IF(#REF!,"AAAAABd//5E=",0) -> #REF! | EQ11: =AND(#REF!,"AAAAABd//5I=") -> #REF! | ER11: =AND(#REF!,"AAAAABd//5M=") -> #REF! | ES11: =AND(#REF!,"AAAAABd//5Q=") -> #REF! | ET11: =AND(#REF!,"AAAAABd//5U=") -> #REF! | EU11: =AND(#REF!,"AAAAABd//5Y=") -> #REF! | EV11: =AND(#REF!,"AAAAABd//5c=") -> #REF! | EW11: =AND(#REF!,"AAAAABd//5g=") -> #REF! | EX11: =AND(#REF!,"AAAAABd//5k=") -> #REF! | EY11: =AND(#REF!,"AAAAABd//5o=") -> #REF! | EZ11: =AND(#REF!,"AAAAABd//5s=") -> #REF! | FA11: =IF(#REF!,"AAAAABd//5w=",0) -> #REF! | FB11: =AND(#REF!,"AAAAABd//50=") -> #REF! | FC11: =AND(#REF!,"AAAAABd//54=") -> #REF! | FD11: =AND(#REF!,"AAAAABd//58=") -> #REF! | FE11: =AND(#REF!,"AAAAABd//6A=") -> #REF! | FF11: =AND(#REF!,"AAAAABd//6E=") -> #REF! | FG11: =AND(#REF!,"AAAAABd//6I=") -> #REF! | FH11: =AND(#REF!,"AAAAABd//6M=") -> #REF! | FI11: =AND(#REF!,"AAAAABd//6Q=") -> #REF! | FJ11: =AND(#REF!,"AAAAABd//6U=") -> #REF! | FK11: =AND(#REF!,"AAAAABd//6Y=") -> #REF! | FL11: =IF(#REF!,"AAAAABd//6c=",0) -> #REF! | FM11: =AND(#REF!,"AAAAABd//6g=") -> #REF! | FN11: =AND(#REF!,"AAAAABd//6k=") -> #REF! | FO11: =AND(#REF!,"AAAAABd//6o=") -> #REF! | FP11: =AND(#REF!,"AAAAABd//6s=") -> #REF! | FQ11: =AND(#REF!,"AAAAABd//6w=") -> #REF! | FR11: =AND(#REF!,"AAAAABd//60=") -> #REF! | FS11: =AND(#REF!,"AAAAABd//64=") -> #REF! | FT11: =AND(#REF!,"AAAAABd//68=") -> #REF! | FU11: =AND(#REF!,"AAAAABd//7A=") -> #REF! | FV11: =AND(#REF!,"AAAAABd//7E=") -> #REF! | FW11: =IF(#REF!,"AAAAABd//7I=",0) -> #REF! | FX11: =AND(#REF!,"AAAAABd//7M=") -> #REF! | FY11: =AND(#REF!,"AAAAABd//7Q=") -> #REF! | FZ11: =AND(#REF!,"AAAAABd//7U=") -> #REF! | GA11: =AND(#REF!,"AAAAABd//7Y=") -> #REF! | GB11: =AND(#REF!,"AAAAABd//7c=") -> #REF! | GC11: =AND(#REF!,"AAAAABd//7g=") -> #REF! | GD11: =AND(#REF!,"AAAAABd//7k=") -> #REF! | GE11: =AND(#REF!,"AAAAABd//7o=") -> #REF! | GF11: =AND(#REF!,"AAAAABd//7s=") -> #REF! | GG11: =AND(#REF!,"AAAAABd//7w=") -> #REF! | GH11: =IF(#REF!,"AAAAABd//70=",0) -> #REF! | GI11: =AND(#REF!,"AAAAABd//74=") -> #REF! | GJ11: =AND(#REF!,"AAAAABd//78=") -> #REF! | GK11: =AND(#REF!,"AAAAABd//8A=") -> #REF! | GL11: =AND(#REF!,"AAAAABd//8E=") -> #REF! | GM11: =AND(#REF!,"AAAAABd//8I=") -> #REF! | GN11: =AND(#REF!,"AAAAABd//8M=") -> #REF! | GO11: =AND(#REF!,"AAAAABd//8Q=") -> #REF! | GP11: =AND(#REF!,"AAAAABd//8U=") -> #REF! | GQ11: =AND(#REF!,"AAAAABd//8Y=") -> #REF! | GR11: =AND(#REF!,"AAAAABd//8c=") -> #REF! | GS11: =IF(#REF!,"AAAAABd//8g=",0) -> #REF! | GT11: =AND(#REF!,"AAAAABd//8k=") -> #REF! | GU11: =AND(#REF!,"AAAAABd//8o=") -> #REF! | GV11: =AND(#REF!,"AAAAABd//8s=") -> #REF! | GW11: =AND(#REF!,"AAAAABd//8w=") -> #REF! | GX11: =AND(#REF!,"AAAAABd//80=") -> #REF! | GY11: =AND(#REF!,"AAAAABd//84=") -> #REF! | GZ11: =AND(#REF!,"AAAAABd//88=") -> #REF! | HA11: =AND(#REF!,"AAAAABd//9A=") -> #REF! | HB11: =AND(#REF!,"AAAAABd//9E=") -> #REF! | HC11: =AND(#REF!,"AAAAABd//9I=") -> #REF! | HD11: =IF(#REF!,"AAAAABd//9M=",0) -> #REF! | HE11: =AND(#REF!,"AAAAABd//9Q=") -> #REF! | HF11: =AND(#REF!,"AAAAABd//9U=") -> #REF! | HG11: =AND(#REF!,"AAAAABd//9Y=") -> #REF! | HH11: =AND(#REF!,"AAAAABd//9c=") -> #REF! | HI11: =AND(#REF!,"AAAAABd//9g=") -> #REF! | HJ11: =AND(#REF!,"AAAAABd//9k=") -> #REF! | HK11: =AND(#REF!,"AAAAABd//9o=") -> #REF! | HL11: =AND(#REF!,"AAAAABd//9s=") -> #REF! | HM11: =AND(#REF!,"AAAAABd//9w=") -> #REF! | HN11: =AND(#REF!,"AAAAABd//90=") -> #REF! | HO11: =IF(#REF!,"AAAAABd//94=",0) -> #REF! | HP11: =AND(#REF!,"AAAAABd//98=") -> #REF! | HQ11: =AND(#REF!,"AAAAABd//+A=") -> #REF! | HR11: =AND(#REF!,"AAAAABd//+E=") -> #REF! | HS11: =AND(#REF!,"AAAAABd//+I=") -> #REF! | HT11: =AND(#REF!,"AAAAABd//+M=") -> #REF! | HU11: =AND(#REF!,"AAAAABd//+Q=") -> #REF! | HV11: =AND(#REF!,"AAAAABd//+U=") -> #REF! | HW11: =AND(#REF!,"AAAAABd//+Y=") -> #REF! | HX11: =AND(#REF!,"AAAAABd//+c=") -> #REF! | HY11: =AND(#REF!,"AAAAABd//+g=") -> #REF! | HZ11: =IF(#REF!,"AAAAABd//+k=",0) -> #REF! | IA11: =IF(#REF!,"AAAAABd//+o=",0) -> #REF! | IB11: =IF(#REF!,"AAAAABd//+s=",0) -> #REF! | IC11: =IF(#REF!,"AAAAABd//+w=",0) -> #REF! | ID11: =IF(#REF!,"AAAAABd//+0=",0) -> #REF! | IE11: =IF(#REF!,"AAAAABd//+4=",0) -> #REF! | IF11: =IF(#REF!,"AAAAABd//+8=",0) -> #REF! | IG11: =IF(#REF!,"AAAAABd///A=",0) -> #REF! | IH11: =IF(#REF!,"AAAAABd///E=",0) -> #REF! | II11: =IF(#REF!,"AAAAABd///I=",0) -> #REF!
A12: =AND(#REF!,"AAAAABb/3QA=") -> #REF! | B12: =AND(#REF!,"AAAAABb/3QE=") -> #REF! | C12: =AND(#REF!,"AAAAABb/3QI=") -> #REF! | D12: =AND(#REF!,"AAAAABb/3QM=") -> #REF! | E12: =AND(#REF!,"AAAAABb/3QQ=") -> #REF! | F12: =AND(#REF!,"AAAAABb/3QU=") -> #REF! | G12: =AND(#REF!,"AAAAABb/3QY=") -> #REF! | H12: =AND(#REF!,"AAAAABb/3Qc=") -> #REF! | I12: =AND(#REF!,"AAAAABb/3Qg=") -> #REF! | J12: =AND(#REF!,"AAAAABb/3Qk=") -> #REF! | K12: =AND(#REF!,"AAAAABb/3Qo=") -> #REF! | L12: =AND(#REF!,"AAAAABb/3Qs=") -> #REF! | M12: =AND(#REF!,"AAAAABb/3Qw=") -> #REF! | N12: =AND(#REF!,"AAAAABb/3Q0=") -> #REF! | O12: =AND(#REF!,"AAAAABb/3Q4=") -> #REF! | P12: =AND(#REF!,"AAAAABb/3Q8=") -> #REF! | Q12: =AND(#REF!,"AAAAABb/3RA=") -> #REF! | R12: =AND(#REF!,"AAAAABb/3RE=") -> #REF! | S12: =AND(#REF!,"AAAAABb/3RI=") -> #REF! | T12: =AND(#REF!,"AAAAABb/3RM=") -> #REF! | U12: =AND(#REF!,"AAAAABb/3RQ=") -> #REF! | V12: =AND(#REF!,"AAAAABb/3RU=") -> #REF! | W12: =AND(#REF!,"AAAAABb/3RY=") -> #REF! | X12: =AND(#REF!,"AAAAABb/3Rc=") -> #REF! | Y12: =AND(#REF!,"AAAAABb/3Rg=") -> #REF! | Z12: =AND(#REF!,"AAAAABb/3Rk=") -> #REF! | AA12: =AND(#REF!,"AAAAABb/3Ro=") -> #REF! | AB12: =AND(#REF!,"AAAAABb/3Rs=") -> #REF! | AC12: =AND(#REF!,"AAAAABb/3Rw=") -> #REF! | AD12: =AND(#REF!,"AAAAABb/3R0=") -> #REF! | AE12: =AND(#REF!,"AAAAABb/3R4=") -> #REF! | AF12: =AND(#REF!,"AAAAABb/3R8=") -> #REF! | AG12: =AND(#REF!,"AAAAABb/3SA=") -> #REF! | AH12: =AND(#REF!,"AAAAABb/3SE=") -> #REF! | AI12: =AND(#REF!,"AAAAABb/3SI=") -> #REF! | AJ12: =AND(#REF!,"AAAAABb/3SM=") -> #REF! | AK12: =AND(#REF!,"AAAAABb/3SQ=") -> #REF! | AL12: =AND(#REF!,"AAAAABb/3SU=") -> #REF! | AM12: =AND(#REF!,"AAAAABb/3SY=") -> #REF! | AN12: =AND(#REF!,"AAAAABb/3Sc=") -> #REF! | AO12: =AND(#REF!,"AAAAABb/3Sg=") -> #REF! | AP12: =AND(#REF!,"AAAAABb/3Sk=") -> #REF! | AQ12: =AND(#REF!,"AAAAABb/3So=") -> #REF! | AR12: =AND(#REF!,"AAAAABb/3Ss=") -> #REF! | AS12: =AND(#REF!,"AAAAABb/3Sw=") -> #REF! | AT12: =AND(#REF!,"AAAAABb/3S0=") -> #REF! | AU12: =AND(#REF!,"AAAAABb/3S4=") -> #REF! | AV12: =AND(#REF!,"AAAAABb/3S8=") -> #REF! | AW12: =AND(#REF!,"AAAAABb/3TA=") -> #REF! | AX12: =AND(#REF!,"AAAAABb/3TE=") -> #REF! | AY12: =AND(#REF!,"AAAAABb/3TI=") -> #REF! | AZ12: =AND(#REF!,"AAAAABb/3TM=") -> #REF! | BA12: =AND(#REF!,"AAAAABb/3TQ=") -> #REF! | BB12: =AND(#REF!,"AAAAABb/3TU=") -> #REF! | BC12: =AND(#REF!,"AAAAABb/3TY=") -> #REF! | BD12: =AND(#REF!,"AAAAABb/3Tc=") -> #REF! | BE12: =AND(#REF!,"AAAAABb/3Tg=") -> #REF! | BF12: =AND(#REF!,"AAAAABb/3Tk=") -> #REF! | BG12: =AND(#REF!,"AAAAABb/3To=") -> #REF! | BH12: =AND(#REF!,"AAAAABb/3Ts=") -> #REF! | BI12: =AND(#REF!,"AAAAABb/3Tw=") -> #REF! | BJ12: =AND(#REF!,"AAAAABb/3T0=") -> #REF! | BK12: =AND(#REF!,"AAAAABb/3T4=") -> #REF! | BL12: =AND(#REF!,"AAAAABb/3T8=") -> #REF! | BM12: =AND(#REF!,"AAAAABb/3UA=") -> #REF! | BN12: =AND(#REF!,"AAAAABb/3UE=") -> #REF! | BO12: =AND(#REF!,"AAAAABb/3UI=") -> #REF! | BP12: =AND(#REF!,"AAAAABb/3UM=") -> #REF! | BQ12: =AND(#REF!,"AAAAABb/3UQ=") -> #REF! | BR12: =AND(#REF!,"AAAAABb/3UU=") -> #REF! | BS12: =AND(#REF!,"AAAAABb/3UY=") -> #REF! | BT12: =AND(#REF!,"AAAAABb/3Uc=") -> #REF! | BU12: =AND(#REF!,"AAAAABb/3Ug=") -> #REF! | BV12: =AND(#REF!,"AAAAABb/3Uk=") -> #REF! | BW12: =AND(#REF!,"AAAAABb/3Uo=") -> #REF! | BX12: =AND(#REF!,"AAAAABb/3Us=") -> #REF! | BY12: =AND(#REF!,"AAAAABb/3Uw=") -> #REF! | BZ12: =AND(#REF!,"AAAAABb/3U0=") -> #REF! | CA12: =AND(#REF!,"AAAAABb/3U4=") -> #REF! | CB12: =AND(#REF!,"AAAAABb/3U8=") -> #REF! | CC12: =AND(#REF!,"AAAAABb/3VA=") -> #REF! | CD12: =AND(#REF!,"AAAAABb/3VE=") -> #REF! | CE12: =AND(#REF!,"AAAAABb/3VI=") -> #REF! | CF12: =AND(#REF!,"AAAAABb/3VM=") -> #REF! | CG12: =AND(#REF!,"AAAAABb/3VQ=") -> #REF! | CH12: =AND(#REF!,"AAAAABb/3VU=") -> #REF! | CI12: =AND(#REF!,"AAAAABb/3VY=") -> #REF! | CJ12: =AND(#REF!,"AAAAABb/3Vc=") -> #REF! | CK12: =AND(#REF!,"AAAAABb/3Vg=") -> #REF! | CL12: =AND(#REF!,"AAAAABb/3Vk=") -> #REF! | CM12: =AND(#REF!,"AAAAABb/3Vo=") -> #REF! | CN12: =AND(#REF!,"AAAAABb/3Vs=") -> #REF! | CO12: =AND(#REF!,"AAAAABb/3Vw=") -> #REF! | CP12: =AND(#REF!,"AAAAABb/3V0=") -> #REF! | CQ12: =AND(#REF!,"AAAAABb/3V4=") -> #REF! | CR12: =AND(#REF!,"AAAAABb/3V8=") -> #REF! | CS12: =AND(#REF!,"AAAAABb/3WA=") -> #REF! | CT12: =AND(#REF!,"AAAAABb/3WE=") -> #REF! | CU12: =AND(#REF!,"AAAAABb/3WI=") -> #REF! | CV12: =AND(#REF!,"AAAAABb/3WM=") -> #REF! | CW12: =AND(#REF!,"AAAAABb/3WQ=") -> #REF! | CX12: =AND(#REF!,"AAAAABb/3WU=") -> #REF! | CY12: =AND(#REF!,"AAAAABb/3WY=") -> #REF! | CZ12: =AND(#REF!,"AAAAABb/3Wc=") -> #REF! | DA12: =AND(#REF!,"AAAAABb/3Wg=") -> #REF! | DB12: =AND(#REF!,"AAAAABb/3Wk=") -> #REF! | DC12: =AND(#REF!,"AAAAABb/3Wo=") -> #REF! | DD12: =AND(#REF!,"AAAAABb/3Ws=") -> #REF! | DE12: =AND(#REF!,"AAAAABb/3Ww=") -> #REF! | DF12: =AND(#REF!,"AAAAABb/3W0=") -> #REF! | DG12: =AND(#REF!,"AAAAABb/3W4=") -> #REF! | DH12: =AND(#REF!,"AAAAABb/3W8=") -> #REF! | DI12: =AND(#REF!,"AAAAABb/3XA=") -> #REF! | DJ12: =AND(#REF!,"AAAAABb/3XE=") -> #REF! | DK12: =AND(#REF!,"AAAAABb/3XI=") -> #REF! | DL12: =AND(#REF!,"AAAAABb/3XM=") -> #REF! | DM12: =AND(#REF!,"AAAAABb/3XQ=") -> #REF! | DN12: =AND(#REF!,"AAAAABb/3XU=") -> #REF! | DO12: =AND(#REF!,"AAAAABb/3XY=") -> #REF! | DP12: =AND(#REF!,"AAAAABb/3Xc=") -> #REF! | DQ12: =AND(#REF!,"AAAAABb/3Xg=") -> #REF! | DR12: =AND(#REF!,"AAAAABb/3Xk=") -> #REF! | DS12: =AND(#REF!,"AAAAABb/3Xo=") -> #REF! | DT12: =AND(#REF!,"AAAAABb/3Xs=") -> #REF! | DU12: =AND(#REF!,"AAAAABb/3Xw=") -> #REF! | DV12: =AND(#REF!,"AAAAABb/3X0=") -> #REF! | DW12: =AND(#REF!,"AAAAABb/3X4=") -> #REF! | DX12: =AND(#REF!,"AAAAABb/3X8=") -> #REF! | DY12: =AND(#REF!,"AAAAABb/3YA=") -> #REF! | DZ12: =AND(#REF!,"AAAAABb/3YE=") -> #REF! | EA12: =AND(#REF!,"AAAAABb/3YI=") -> #REF! | EB12: =AND(#REF!,"AAAAABb/3YM=") -> #REF! | EC12: =AND(#REF!,"AAAAABb/3YQ=") -> #REF! | ED12: =AND(#REF!,"AAAAABb/3YU=") -> #REF! | EE12: =AND(#REF!,"AAAAABb/3YY=") -> #REF! | EF12: =AND(#REF!,"AAAAABb/3Yc=") -> #REF! | EG12: =AND(#REF!,"AAAAABb/3Yg=") -> #REF! | EH12: =AND(#REF!,"AAAAABb/3Yk=") -> #REF! | EI12: =AND(#REF!,"AAAAABb/3Yo=") -> #REF! | EJ12: =AND(#REF!,"AAAAABb/3Ys=") -> #REF! | EK12: =AND(#REF!,"AAAAABb/3Yw=") -> #REF! | EL12: =AND(#REF!,"AAAAABb/3Y0=") -> #REF! | EM12: =AND(#REF!,"AAAAABb/3Y4=") -> #REF! | EN12: =AND(#REF!,"AAAAABb/3Y8=") -> #REF! | EO12: =AND(#REF!,"AAAAABb/3ZA=") -> #REF! | EP12: =AND(#REF!,"AAAAABb/3ZE=") -> #REF! | EQ12: =AND(#REF!,"AAAAABb/3ZI=") -> #REF! | ER12: =AND(#REF!,"AAAAABb/3ZM=") -> #REF! | ES12: =AND(#REF!,"AAAAABb/3ZQ=") -> #REF! | ET12: =AND(#REF!,"AAAAABb/3ZU=") -> #REF! | EU12: =AND(#REF!,"AAAAABb/3ZY=") -> #REF! | EV12: =AND(#REF!,"AAAAABb/3Zc=") -> #REF! | EW12: =AND(#REF!,"AAAAABb/3Zg=") -> #REF! | EX12: =AND(#REF!,"AAAAABb/3Zk=") -> #REF! | EY12: =AND(#REF!,"AAAAABb/3Zo=") -> #REF! | EZ12: =AND(#REF!,"AAAAABb/3Zs=") -> #REF! | FA12: =AND(#REF!,"AAAAABb/3Zw=") -> #REF! | FB12: =AND(#REF!,"AAAAABb/3Z0=") -> #REF! | FC12: =AND(#REF!,"AAAAABb/3Z4=") -> #REF! | FD12: =AND(#REF!,"AAAAABb/3Z8=") -> #REF! | FE12: =AND(#REF!,"AAAAABb/3aA=") -> #REF! | FF12: =AND(#REF!,"AAAAABb/3aE=") -> #REF! | FG12: =AND(#REF!,"AAAAABb/3aI=") -> #REF! | FH12: =AND(#REF!,"AAAAABb/3aM=") -> #REF! | FI12: =AND(#REF!,"AAAAABb/3aQ=") -> #REF! | FJ12: =AND(#REF!,"AAAAABb/3aU=") -> #REF! | FK12: =AND(#REF!,"AAAAABb/3aY=") -> #REF! | FL12: =AND(#REF!,"AAAAABb/3ac=") -> #REF! | FM12: =AND(#REF!,"AAAAABb/3ag=") -> #REF! | FN12: =AND(#REF!,"AAAAABb/3ak=") -> #REF! | FO12: =AND(#REF!,"AAAAABb/3ao=") -> #REF! | FP12: =AND(#REF!,"AAAAABb/3as=") -> #REF! | FQ12: =AND(#REF!,"AAAAABb/3aw=") -> #REF! | FR12: =AND(#REF!,"AAAAABb/3a0=") -> #REF! | FS12: =AND(#REF!,"AAAAABb/3a4=") -> #REF! | FT12: =AND(#REF!,"AAAAABb/3a8=") -> #REF! | FU12: =AND(#REF!,"AAAAABb/3bA=") -> #REF! | FV12: =AND(#REF!,"AAAAABb/3bE=") -> #REF! | FW12: =AND(#REF!,"AAAAABb/3bI=") -> #REF! | FX12: =AND(#REF!,"AAAAABb/3bM=") -> #REF! | FY12: =AND(#REF!,"AAAAABb/3bQ=") -> #REF! | FZ12: =AND(#REF!,"AAAAABb/3bU=") -> #REF! | GA12: =AND(#REF!,"AAAAABb/3bY=") -> #REF! | GB12: =AND(#REF!,"AAAAABb/3bc=") -> #REF! | GC12: =AND(#REF!,"AAAAABb/3bg=") -> #REF! | GD12: =AND(#REF!,"AAAAABb/3bk=") -> #REF! | GE12: =AND(#REF!,"AAAAABb/3bo=") -> #REF! | GF12: =AND(#REF!,"AAAAABb/3bs=") -> #REF! | GG12: =AND(#REF!,"AAAAABb/3bw=") -> #REF! | GH12: =AND(#REF!,"AAAAABb/3b0=") -> #REF! | GI12: =AND(#REF!,"AAAAABb/3b4=") -> #REF! | GJ12: =AND(#REF!,"AAAAABb/3b8=") -> #REF! | GK12: =AND(#REF!,"AAAAABb/3cA=") -> #REF! | GL12: =AND(#REF!,"AAAAABb/3cE=") -> #REF! | GM12: =AND(#REF!,"AAAAABb/3cI=") -> #REF! | GN12: =AND(#REF!,"AAAAABb/3cM=") -> #REF! | GO12: =AND(#REF!,"AAAAABb/3cQ=") -> #REF! | GP12: =AND(#REF!,"AAAAABb/3cU=") -> #REF! | GQ12: =AND(#REF!,"AAAAABb/3cY=") -> #REF! | GR12: =AND(#REF!,"AAAAABb/3cc=") -> #REF! | GS12: =AND(#REF!,"AAAAABb/3cg=") -> #REF! | GT12: =AND(#REF!,"AAAAABb/3ck=") -> #REF! | GU12: =AND(#REF!,"AAAAABb/3co=") -> #REF! | GV12: =AND(#REF!,"AAAAABb/3cs=") -> #REF! | GW12: =AND(#REF!,"AAAAABb/3cw=") -> #REF! | GX12: =AND(#REF!,"AAAAABb/3c0=") -> #REF! | GY12: =AND(#REF!,"AAAAABb/3c4=") -> #REF! | GZ12: =AND(#REF!,"AAAAABb/3c8=") -> #REF! | HA12: =AND(#REF!,"AAAAABb/3dA=") -> #REF! | HB12: =AND(#REF!,"AAAAABb/3dE=") -> #REF! | HC12: =AND(#REF!,"AAAAABb/3dI=") -> #REF! | HD12: =AND(#REF!,"AAAAABb/3dM=") -> #REF! | HE12: =AND(#REF!,"AAAAABb/3dQ=") -> #REF! | HF12: =AND(#REF!,"AAAAABb/3dU=") -> #REF! | HG12: =AND(#REF!,"AAAAABb/3dY=") -> #REF! | HH12: =AND(#REF!,"AAAAABb/3dc=") -> #REF! | HI12: =AND(#REF!,"AAAAABb/3dg=") -> #REF! | HJ12: =AND(#REF!,"AAAAABb/3dk=") -> #REF! | HK12: =AND(#REF!,"AAAAABb/3do=") -> #REF! | HL12: =AND(#REF!,"AAAAABb/3ds=") -> #REF! | HM12: =AND(#REF!,"AAAAABb/3dw=") -> #REF! | HN12: =AND(#REF!,"AAAAABb/3d0=") -> #REF! | HO12: =AND(#REF!,"AAAAABb/3d4=") -> #REF! | HP12: =AND(#REF!,"AAAAABb/3d8=") -> #REF! | HQ12: =AND(#REF!,"AAAAABb/3eA=") -> #REF! | HR12: =AND(#REF!,"AAAAABb/3eE=") -> #REF! | HS12: =AND(#REF!,"AAAAABb/3eI=") -> #REF! | HT12: =AND(#REF!,"AAAAABb/3eM=") -> #REF! | HU12: =AND(#REF!,"AAAAABb/3eQ=") -> #REF! | HV12: =AND(#REF!,"AAAAABb/3eU=") -> #REF! | HW12: =AND(#REF!,"AAAAABb/3eY=") -> #REF! | HX12: =AND(#REF!,"AAAAABb/3ec=") -> #REF! | HY12: =AND(#REF!,"AAAAABb/3eg=") -> #REF! | HZ12: =AND(#REF!,"AAAAABb/3ek=") -> #REF! | IA12: =AND(#REF!,"AAAAABb/3eo=") -> #REF! | IB12: =AND(#REF!,"AAAAABb/3es=") -> #REF! | IC12: =AND(#REF!,"AAAAABb/3ew=") -> #REF! | ID12: =AND(#REF!,"AAAAABb/3e0=") -> #REF! | IE12: =AND(#REF!,"AAAAABb/3e4=") -> #REF! | IF12: =AND(#REF!,"AAAAABb/3e8=") -> #REF! | IG12: =AND(#REF!,"AAAAABb/3fA=") -> #REF! | IH12: =AND(#REF!,"AAAAABb/3fE=") -> #REF! | II12: =AND(#REF!,"AAAAABb/3fI=") -> #REF! | IJ12: =AND(#REF!,"AAAAABb/3fM=") -> #REF! | IK12: =AND(#REF!,"AAAAABb/3fQ=") -> #REF! | IL12: =AND(#REF!,"AAAAABb/3fU=") -> #REF! | IM12: =AND(#REF!,"AAAAABb/3fY=") -> #REF! | IN12: =AND(#REF!,"AAAAABb/3fc=") -> #REF! | IO12: =AND(#REF!,"AAAAABb/3fg=") -> #REF! | IP12: =AND(#REF!,"AAAAABb/3fk=") -> #REF! | IQ12: =AND(#REF!,"AAAAABb/3fo=") -> #REF! | IR12: =AND(#REF!,"AAAAABb/3fs=") -> #REF! | IS12: =AND(#REF!,"AAAAABb/3fw=") -> #REF! | IT12: =AND(#REF!,"AAAAABb/3f0=") -> #REF! | IU12: =AND(#REF!,"AAAAABb/3f4=") -> #REF! | IV12: =AND(#REF!,"AAAAABb/3f8=") -> #REF!
A13: =AND(#REF!,"AAAAAHp7nwA=") -> #REF! | B13: =AND(#REF!,"AAAAAHp7nwE=") -> #REF! | C13: =AND(#REF!,"AAAAAHp7nwI=") -> #REF! | D13: =AND(#REF!,"AAAAAHp7nwM=") -> #REF! | E13: =AND(#REF!,"AAAAAHp7nwQ=") -> #REF! | F13: =AND(#REF!,"AAAAAHp7nwU=") -> #REF! | G13: =AND(#REF!,"AAAAAHp7nwY=") -> #REF! | H13: =AND(#REF!,"AAAAAHp7nwc=") -> #REF! | I13: =AND(#REF!,"AAAAAHp7nwg=") -> #REF! | J13: =AND(#REF!,"AAAAAHp7nwk=") -> #REF! | K13: =AND(#REF!,"AAAAAHp7nwo=") -> #REF! | L13: =AND(#REF!,"AAAAAHp7nws=") -> #REF! | M13: =AND(#REF!,"AAAAAHp7nww=") -> #REF! | N13: =AND(#REF!,"AAAAAHp7nw0=") -> #REF! | O13: =AND(#REF!,"AAAAAHp7nw4=") -> #REF! | P13: =AND(#REF!,"AAAAAHp7nw8=") -> #REF! | Q13: =AND(#REF!,"AAAAAHp7nxA=") -> #REF! | R13: =AND(#REF!,"AAAAAHp7nxE=") -> #REF! | S13: =AND(#REF!,"AAAAAHp7nxI=") -> #REF! | T13: =AND(#REF!,"AAAAAHp7nxM=") -> #REF! | U13: =AND(#REF!,"AAAAAHp7nxQ=") -> #REF! | V13: =AND(#REF!,"AAAAAHp7nxU=") -> #REF! | W13: =AND(#REF!,"AAAAAHp7nxY=") -> #REF! | X13: =AND(#REF!,"AAAAAHp7nxc=") -> #REF! | Y13: =AND(#REF!,"AAAAAHp7nxg=") -> #REF! | Z13: =AND(#REF!,"AAAAAHp7nxk=") -> #REF! | AA13: =AND(#REF!,"AAAAAHp7nxo=") -> #REF! | AB13: =AND(#REF!,"AAAAAHp7nxs=") -> #REF! | AC13: =AND(#REF!,"AAAAAHp7nxw=") -> #REF! | AD13: =AND(#REF!,"AAAAAHp7nx0=") -> #REF! | AE13: =AND(#REF!,"AAAAAHp7nx4=") -> #REF! | AF13: =AND(#REF!,"AAAAAHp7nx8=") -> #REF! | AG13: =AND(#REF!,"AAAAAHp7nyA=") -> #REF! | AH13: =AND(#REF!,"AAAAAHp7nyE=") -> #REF! | AI13: =AND(#REF!,"AAAAAHp7nyI=") -> #REF! | AJ13: =AND(#REF!,"AAAAAHp7nyM=") -> #REF! | AK13: =AND(#REF!,"AAAAAHp7nyQ=") -> #REF! | AL13: =AND(#REF!,"AAAAAHp7nyU=") -> #REF! | AM13: =AND(#REF!,"AAAAAHp7nyY=") -> #REF! | AN13: =AND(#REF!,"AAAAAHp7nyc=") -> #REF! | AO13: =AND(#REF!,"AAAAAHp7nyg=") -> #REF! | AP13: =AND(#REF!,"AAAAAHp7nyk=") -> #REF! | AQ13: =AND(#REF!,"AAAAAHp7nyo=") -> #REF! | AR13: =AND(#REF!,"AAAAAHp7nys=") -> #REF! | AS13: =AND(#REF!,"AAAAAHp7nyw=") -> #REF! | AT13: =AND(#REF!,"AAAAAHp7ny0=") -> #REF! | AU13: =AND(#REF!,"AAAAAHp7ny4=") -> #REF! | AV13: =AND(#REF!,"AAAAAHp7ny8=") -> #REF! | AW13: =AND(#REF!,"AAAAAHp7nzA=") -> #REF! | AX13: =AND(#REF!,"AAAAAHp7nzE=") -> #REF! | AY13: =AND(#REF!,"AAAAAHp7nzI=") -> #REF! | AZ13: =AND(#REF!,"AAAAAHp7nzM=") -> #REF! | BA13: =AND(#REF!,"AAAAAHp7nzQ=") -> #REF! | BB13: =AND(#REF!,"AAAAAHp7nzU=") -> #REF! | BC13: =AND(#REF!,"AAAAAHp7nzY=") -> #REF! | BD13: =AND(#REF!,"AAAAAHp7nzc=") -> #REF! | BE13: =AND(#REF!,"AAAAAHp7nzg=") -> #REF! | BF13: =AND(#REF!,"AAAAAHp7nzk=") -> #REF! | BG13: =AND(#REF!,"AAAAAHp7nzo=") -> #REF! | BH13: =AND(#REF!,"AAAAAHp7nzs=") -> #REF! | BI13: =AND(#REF!,"AAAAAHp7nzw=") -> #REF! | BJ13: =AND(#REF!,"AAAAAHp7nz0=") -> #REF! | BK13: =AND(#REF!,"AAAAAHp7nz4=") -> #REF! | BL13: =AND(#REF!,"AAAAAHp7nz8=") -> #REF! | BM13: =AND(#REF!,"AAAAAHp7n0A=") -> #REF! | BN13: =AND(#REF!,"AAAAAHp7n0E=") -> #REF! | BO13: =AND(#REF!,"AAAAAHp7n0I=") -> #REF! | BP13: =AND(#REF!,"AAAAAHp7n0M=") -> #REF! | BQ13: =AND(#REF!,"AAAAAHp7n0Q=") -> #REF! | BR13: =AND(#REF!,"AAAAAHp7n0U=") -> #REF! | BS13: =AND(#REF!,"AAAAAHp7n0Y=") -> #REF! | BT13: =AND(#REF!,"AAAAAHp7n0c=") -> #REF! | BU13: =AND(#REF!,"AAAAAHp7n0g=") -> #REF! | BV13: =AND(#REF!,"AAAAAHp7n0k=") -> #REF! | BW13: =AND(#REF!,"AAAAAHp7n0o=") -> #REF! | BX13: =AND(#REF!,"AAAAAHp7n0s=") -> #REF! | BY13: =AND(#REF!,"AAAAAHp7n0w=") -> #REF! | BZ13: =AND(#REF!,"AAAAAHp7n00=") -> #REF! | CA13: =AND(#REF!,"AAAAAHp7n04=") -> #REF! | CB13: =AND(#REF!,"AAAAAHp7n08=") -> #REF! | CC13: =AND(#REF!,"AAAAAHp7n1A=") -> #REF! | CD13: =AND(#REF!,"AAAAAHp7n1E=") -> #REF! | CE13: =AND(#REF!,"AAAAAHp7n1I=") -> #REF! | CF13: =AND(#REF!,"AAAAAHp7n1M=") -> #REF! | CG13: =AND(#REF!,"AAAAAHp7n1Q=") -> #REF! | CH13: =AND(#REF!,"AAAAAHp7n1U=") -> #REF! | CI13: =AND(#REF!,"AAAAAHp7n1Y=") -> #REF! | CJ13: =AND(#REF!,"AAAAAHp7n1c=") -> #REF! | CK13: =AND(#REF!,"AAAAAHp7n1g=") -> #REF! | CL13: =AND(#REF!,"AAAAAHp7n1k=") -> #REF! | CM13: =AND(#REF!,"AAAAAHp7n1o=") -> #REF! | CN13: =AND(#REF!,"AAAAAHp7n1s=") -> #REF! | CO13: =AND(#REF!,"AAAAAHp7n1w=") -> #REF! | CP13: =AND(#REF!,"AAAAAHp7n10=") -> #REF! | CQ13: =AND(#REF!,"AAAAAHp7n14=") -> #REF! | CR13: =AND(#REF!,"AAAAAHp7n18=") -> #REF! | CS13: =AND(#REF!,"AAAAAHp7n2A=") -> #REF! | CT13: =AND(#REF!,"AAAAAHp7n2E=") -> #REF! | CU13: =AND(#REF!,"AAAAAHp7n2I=") -> #REF! | CV13: =AND(#REF!,"AAAAAHp7n2M=") -> #REF! | CW13: =AND(#REF!,"AAAAAHp7n2Q=") -> #REF! | CX13: =AND(#REF!,"AAAAAHp7n2U=") -> #REF! | CY13: =AND(#REF!,"AAAAAHp7n2Y=") -> #REF! | CZ13: =AND(#REF!,"AAAAAHp7n2c=") -> #REF! | DA13: =AND(#REF!,"AAAAAHp7n2g=") -> #REF! | DB13: =AND(#REF!,"AAAAAHp7n2k=") -> #REF! | DC13: =AND(#REF!,"AAAAAHp7n2o=") -> #REF! | DD13: =AND(#REF!,"AAAAAHp7n2s=") -> #REF! | DE13: =AND(#REF!,"AAAAAHp7n2w=") -> #REF! | DF13: =AND(#REF!,"AAAAAHp7n20=") -> #REF! | DG13: =AND(#REF!,"AAAAAHp7n24=") -> #REF! | DH13: =AND(#REF!,"AAAAAHp7n28=") -> #REF! | DI13: =AND(#REF!,"AAAAAHp7n3A=") -> #REF! | DJ13: =AND(#REF!,"AAAAAHp7n3E=") -> #REF! | DK13: =AND(#REF!,"AAAAAHp7n3I=") -> #REF! | DL13: =IF(#REF!,"AAAAAHp7n3M=",0) -> #REF! | DM13: =IF(#REF!,"AAAAAHp7n3Q=",0) -> #REF! | DN13: =IF(#REF!,"AAAAAHp7n3U=",0) -> #REF! | DO13: =IF(#REF!,"AAAAAHp7n3Y=",0) -> #REF! | DP13: =IF(#REF!,"AAAAAHp7n3c=",0) -> #REF! | DQ13: =IF(#REF!,"AAAAAHp7n3g=",0) -> #REF! | DR13: =IF(#REF!,"AAAAAHp7n3k=",0) -> #REF!
A14: =AND('Pay Bill'!A42,"AAAAADf5zwA=") -> #VALUE! | B14: =AND('Pay Bill'!B42,"AAAAADf5zwE=") -> #VALUE! | C14: =AND('Pay Bill'!C42,"AAAAADf5zwI=") -> #VALUE! | D14: =AND('Pay Bill'!D42,"AAAAADf5zwM=") -> #VALUE! | E14: =AND('Pay Bill'!E42,"AAAAADf5zwQ=") -> #VALUE! | F14: =AND('Pay Bill'!F42,"AAAAADf5zwU=") -> #VALUE! | G14: =AND('Pay Bill'!G42,"AAAAADf5zwY=") -> #VALUE! | H14: =AND('Pay Bill'!H42,"AAAAADf5zwc=") -> #VALUE! | I14: =AND('Pay Bill'!I42,"AAAAADf5zwg=") -> #VALUE! | J14: =AND('Pay Bill'!J42,"AAAAADf5zwk=") -> #VALUE! | K14: =AND('Pay Bill'!#REF!,"AAAAADf5zwo=") -> #REF! | L14: =AND('Pay Bill'!#REF!,"AAAAADf5zws=") -> #REF! | M14: =AND('Pay Bill'!#REF!,"AAAAADf5zww=") -> #REF! | N14: =AND('Pay Bill'!K42,"AAAAADf5zw0=") -> #VALUE! | O14: =AND('Pay Bill'!L42,"AAAAADf5zw4=") -> #VALUE! | P14: =AND('Pay Bill'!M42,"AAAAADf5zw8=") -> #VALUE! | Q14: =AND('Pay Bill'!#REF!,"AAAAADf5zxA=") -> #REF! | R14: =AND('Pay Bill'!#REF!,"AAAAADf5zxE=") -> #REF! | S14: =AND('Pay Bill'!#REF!,"AAAAADf5zxI=") -> #REF! | T14: =AND('Pay Bill'!#REF!,"AAAAADf5zxM=") -> #REF! | U14: =AND('Pay Bill'!N42,"AAAAADf5zxQ=") -> #VALUE! | V14: =AND('Pay Bill'!A43,"AAAAADf5zxU=") -> #VALUE! | W14: =AND('Pay Bill'!B43,"AAAAADf5zxY=") -> #VALUE! | X14: =AND('Pay Bill'!C43,"AAAAADf5zxc=") -> #VALUE! | Y14: =AND('Pay Bill'!D43,"AAAAADf5zxg=") -> #VALUE! | Z14: =AND('Pay Bill'!E43,"AAAAADf5zxk=") -> #VALUE! | AA14: =AND('Pay Bill'!F43,"AAAAADf5zxo=") -> #VALUE! | AB14: =AND('Pay Bill'!G43,"AAAAADf5zxs=") -> #VALUE! | AC14: =AND('Pay Bill'!H43,"AAAAADf5zxw=") -> #VALUE! | AD14: =AND('Pay Bill'!I43,"AAAAADf5zx0=") -> #VALUE! | AE14: =AND('Pay Bill'!J43,"AAAAADf5zx4=") -> #VALUE! | AF14: =AND('Pay Bill'!#REF!,"AAAAADf5zx8=") -> #REF! | AG14: =AND('Pay Bill'!#REF!,"AAAAADf5zyA=") -> #REF! | AH14: =AND('Pay Bill'!#REF!,"AAAAADf5zyE=") -> #REF! | AI14: =AND('Pay Bill'!K43,"AAAAADf5zyI=") -> #VALUE! | AJ14: =AND('Pay Bill'!L43,"AAAAADf5zyM=") -> #VALUE! | AK14: =AND('Pay Bill'!M43,"AAAAADf5zyQ=") -> #VALUE! | AL14: =AND('Pay Bill'!#REF!,"AAAAADf5zyU=") -> #REF! | AM14: =AND('Pay Bill'!#REF!,"AAAAADf5zyY=") -> #REF! | AN14: =AND('Pay Bill'!#REF!,"AAAAADf5zyc=") -> #REF! | AO14: =AND('Pay Bill'!#REF!,"AAAAADf5zyg=") -> #REF! | AP14: =AND('Pay Bill'!N43,"AAAAADf5zyk=") -> #VALUE! | AQ14: =AND('Pay Bill'!A44,"AAAAADf5zyo=") -> #VALUE! | AR14: =AND('Pay Bill'!B44,"AAAAADf5zys=") -> #VALUE! | AS14: =AND('Pay Bill'!C44,"AAAAADf5zyw=") -> #VALUE! | AT14: =AND('Pay Bill'!D44,"AAAAADf5zy0=") -> #VALUE! | AU14: =AND('Pay Bill'!E44,"AAAAADf5zy4=") -> #VALUE! | AV14: =AND('Pay Bill'!F44,"AAAAADf5zy8=") -> #VALUE! | AW14: =AND('Pay Bill'!G44,"AAAAADf5zzA=") -> #VALUE! | AX14: =AND('Pay Bill'!H44,"AAAAADf5zzE=") -> #VALUE! | AY14: =AND('Pay Bill'!I44,"AAAAADf5zzI=") -> #VALUE! | AZ14: =AND('Pay Bill'!J44,"AAAAADf5zzM=") -> #VALUE! | BA14: =AND('Pay Bill'!#REF!,"AAAAADf5zzQ=") -> #REF! | BB14: =AND('Pay Bill'!#REF!,"AAAAADf5zzU=") -> #REF! | BC14: =AND('Pay Bill'!#REF!,"AAAAADf5zzY=") -> #REF! | BD14: =AND('Pay Bill'!K44,"AAAAADf5zzc=") -> #VALUE! | BE14: =AND('Pay Bill'!L44,"AAAAADf5zzg=") -> #VALUE! | BF14: =AND('Pay Bill'!M44,"AAAAADf5zzk=") -> #VALUE! | BG14: =AND('Pay Bill'!#REF!,"AAAAADf5zzo=") -> #REF! | BH14: =AND('Pay Bill'!#REF!,"AAAAADf5zzs=") -> #REF! | BI14: =AND('Pay Bill'!#REF!,"AAAAADf5zzw=") -> #REF! | BJ14: =AND('Pay Bill'!#REF!,"AAAAADf5zz0=") -> #REF! | BK14: =AND('Pay Bill'!N44,"AAAAADf5zz4=") -> #VALUE! | BL14: =AND('Pay Bill'!A45,"AAAAADf5zz8=") -> #VALUE! | BM14: =AND('Pay Bill'!B45,"AAAAADf5z0A=") -> #VALUE! | BN14: =AND('Pay Bill'!C45,"AAAAADf5z0E=") -> #VALUE! | BO14: =AND('Pay Bill'!D45,"AAAAADf5z0I=") -> #VALUE! | BP14: =AND('Pay Bill'!E45,"AAAAADf5z0M=") -> #VALUE! | BQ14: =AND('Pay Bill'!F45,"AAAAADf5z0Q=") -> #VALUE! | BR14: =AND('Pay Bill'!G45,"AAAAADf5z0U=") -> #VALUE! | BS14: =AND('Pay Bill'!H45,"AAAAADf5z0Y=") -> #VALUE! | BT14: =AND('Pay Bill'!I45,"AAAAADf5z0c=") -> #VALUE! | BU14: =AND('Pay Bill'!J45,"AAAAADf5z0g=") -> #VALUE! | BV14: =AND('Pay Bill'!#REF!,"AAAAADf5z0k=") -> #REF! | BW14: =AND('Pay Bill'!#REF!,"AAAAADf5z0o=") -> #REF! | BX14: =AND('Pay Bill'!#REF!,"AAAAADf5z0s=") -> #REF! | BY14: =AND('Pay Bill'!K45,"AAAAADf5z0w=") -> #VALUE! | BZ14: =AND('Pay Bill'!L45,"AAAAADf5z00=") -> #VALUE! | CA14: =AND('Pay Bill'!M45,"AAAAADf5z04=") -> #VALUE! | CB14: =AND('Pay Bill'!#REF!,"AAAAADf5z08=") -> #REF! | CC14: =AND('Pay Bill'!#REF!,"AAAAADf5z1A=") -> #REF! | CD14: =AND('Pay Bill'!#REF!,"AAAAADf5z1E=") -> #REF! | CE14: =AND('Pay Bill'!#REF!,"AAAAADf5z1I=") -> #REF! | CF14: =AND('Pay Bill'!N45,"AAAAADf5z1M=") -> #VALUE! | CG14: =AND('Pay Bill'!A46,"AAAAADf5z1Q=") -> #VALUE! | CH14: =AND('Pay Bill'!B46,"AAAAADf5z1U=") -> #VALUE! | CI14: =AND('Pay Bill'!C46,"AAAAADf5z1Y=") -> #VALUE! | CJ14: =AND('Pay Bill'!D46,"AAAAADf5z1c=") -> #VALUE! | CK14: =AND('Pay Bill'!E46,"AAAAADf5z1g=") -> #VALUE! | CL14: =AND('Pay Bill'!F46,"AAAAADf5z1k=") -> #VALUE! | CM14: =AND('Pay Bill'!G46,"AAAAADf5z1o=") -> #VALUE! | CN14: =AND('Pay Bill'!H46,"AAAAADf5z1s=") -> #VALUE! | CO14: =AND('Pay Bill'!I46,"AAAAADf5z1w=") -> #VALUE! | CP14: =AND('Pay Bill'!J46,"AAAAADf5z10=") -> #VALUE! | CQ14: =AND('Pay Bill'!#REF!,"AAAAADf5z14=") -> #REF! | CR14: =AND('Pay Bill'!#REF!,"AAAAADf5z18=") -> #REF! | CS14: =AND('Pay Bill'!#REF!,"AAAAADf5z2A=") -> #REF! | CT14: =AND('Pay Bill'!K46,"AAAAADf5z2E=") -> #VALUE! | CU14: =AND('Pay Bill'!L46,"AAAAADf5z2I=") -> #VALUE! | CV14: =AND('Pay Bill'!M46,"AAAAADf5z2M=") -> #VALUE! | CW14: =AND('Pay Bill'!#REF!,"AAAAADf5z2Q=") -> #REF! | CX14: =AND('Pay Bill'!#REF!,"AAAAADf5z2U=") -> #REF! | CY14: =AND('Pay Bill'!#REF!,"AAAAADf5z2Y=") -> #REF! | CZ14: =AND('Pay Bill'!#REF!,"AAAAADf5z2c=") -> #REF! | DA14: =AND('Pay Bill'!N46,"AAAAADf5z2g=") -> #VALUE! | DB14: =AND('Pay Bill'!A47,"AAAAADf5z2k=") -> #VALUE! | DC14: =AND('Pay Bill'!B47,"AAAAADf5z2o=") -> #VALUE! | DD14: =AND('Pay Bill'!C47,"AAAAADf5z2s=") -> #VALUE! | DE14: =AND('Pay Bill'!D47,"AAAAADf5z2w=") -> #VALUE! | DF14: =AND('Pay Bill'!E47,"AAAAADf5z20=") -> #VALUE! | DG14: =AND('Pay Bill'!F47,"AAAAADf5z24=") -> #VALUE! | DH14: =AND('Pay Bill'!G47,"AAAAADf5z28=") -> #VALUE! | DI14: =AND('Pay Bill'!H47,"AAAAADf5z3A=") -> #VALUE! | DJ14: =AND('Pay Bill'!I47,"AAAAADf5z3E=") -> #VALUE! | DK14: =AND('Pay Bill'!J47,"AAAAADf5z3I=") -> #VALUE! | DL14: =AND('Pay Bill'!#REF!,"AAAAADf5z3M=") -> #REF! | DM14: =AND('Pay Bill'!#REF!,"AAAAADf5z3Q=") -> #REF! | DN14: =AND('Pay Bill'!#REF!,"AAAAADf5z3U=") -> #REF! | DO14: =AND('Pay Bill'!K47,"AAAAADf5z3Y=") -> #VALUE! | DP14: =AND('Pay Bill'!L47,"AAAAADf5z3c=") -> #VALUE! | DQ14: =AND('Pay Bill'!M47,"AAAAADf5z3g=") -> #VALUE! | DR14: =AND('Pay Bill'!#REF!,"AAAAADf5z3k=") -> #REF! | DS14: =AND('Pay Bill'!#REF!,"AAAAADf5z3o=") -> #REF! | DT14: =AND('Pay Bill'!#REF!,"AAAAADf5z3s=") -> #REF! | DU14: =AND('Pay Bill'!#REF!,"AAAAADf5z3w=") -> #REF! | DV14: =AND('Pay Bill'!N47,"AAAAADf5z30=") -> #VALUE! | DW14: =AND('Pay Bill'!A48,"AAAAADf5z34=") -> #VALUE! | DX14: =AND('Pay Bill'!B48,"AAAAADf5z38=") -> #VALUE! | DY14: =AND('Pay Bill'!C48,"AAAAADf5z4A=") -> #VALUE! | DZ14: =AND('Pay Bill'!D48,"AAAAADf5z4E=") -> #VALUE! | EA14: =AND('Pay Bill'!E48,"AAAAADf5z4I=") -> #VALUE! | EB14: =AND('Pay Bill'!F48,"AAAAADf5z4M=") -> #VALUE! | EC14: =AND('Pay Bill'!G48,"AAAAADf5z4Q=") -> #VALUE! | ED14: =AND('Pay Bill'!H48,"AAAAADf5z4U=") -> #VALUE! | EE14: =AND('Pay Bill'!I48,"AAAAADf5z4Y=") -> #VALUE! | EF14: =AND('Pay Bill'!J48,"AAAAADf5z4c=") -> #VALUE! | EG14: =AND('Pay Bill'!#REF!,"AAAAADf5z4g=") -> #REF! | EH14: =AND('Pay Bill'!#REF!,"AAAAADf5z4k=") -> #REF! | EI14: =AND('Pay Bill'!#REF!,"AAAAADf5z4o=") -> #REF! | EJ14: =AND('Pay Bill'!K48,"AAAAADf5z4s=") -> #VALUE! | EK14: =AND('Pay Bill'!L48,"AAAAADf5z4w=") -> #VALUE! | EL14: =AND('Pay Bill'!M48,"AAAAADf5z40=") -> #VALUE! | EM14: =AND('Pay Bill'!#REF!,"AAAAADf5z44=") -> #REF! | EN14: =AND('Pay Bill'!#REF!,"AAAAADf5z48=") -> #REF! | EO14: =AND('Pay Bill'!#REF!,"AAAAADf5z5A=") -> #REF! | EP14: =AND('Pay Bill'!#REF!,"AAAAADf5z5E=") -> #REF! | EQ14: =AND('Pay Bill'!N48,"AAAAADf5z5I=") -> #VALUE! | ER14: =AND('Pay Bill'!A49,"AAAAADf5z5M=") -> #VALUE! | ES14: =AND('Pay Bill'!B49,"AAAAADf5z5Q=") -> #VALUE! | ET14: =AND('Pay Bill'!C49,"AAAAADf5z5U=") -> #VALUE! | EU14: =AND('Pay Bill'!D49,"AAAAADf5z5Y=") -> #VALUE! | EV14: =AND('Pay Bill'!E49,"AAAAADf5z5c=") -> #VALUE! | EW14: =AND('Pay Bill'!F49,"AAAAADf5z5g=") -> #VALUE! | EX14: =AND('Pay Bill'!#REF!,"AAAAADf5z5k=") -> #REF! | EY14: =AND('Pay Bill'!H49,"AAAAADf5z5o=") -> #VALUE! | EZ14: =AND('Pay Bill'!I49,"AAAAADf5z5s=") -> #VALUE! | FA14: =AND('Pay Bill'!J49,"AAAAADf5z5w=") -> #VALUE! | FB14: =AND('Pay Bill'!#REF!,"AAAAADf5z50=") -> #REF! | FC14: =AND('Pay Bill'!#REF!,"AAAAADf5z54=") -> #REF! | FD14: =AND('Pay Bill'!#REF!,"AAAAADf5z58=") -> #REF! | FE14: =AND('Pay Bill'!K49,"AAAAADf5z6A=") -> #VALUE! | FF14: =AND('Pay Bill'!L49,"AAAAADf5z6E=") -> #VALUE! | FG14: =AND('Pay Bill'!M49,"AAAAADf5z6I=") -> #VALUE! | FH14: =AND('Pay Bill'!#REF!,"AAAAADf5z6M=") -> #REF! | FI14: =AND('Pay Bill'!#REF!,"AAAAADf5z6Q=") -> #REF! | FJ14: =AND('Pay Bill'!#REF!,"AAAAADf5z6U=") -> #REF! | FK14: =AND('Pay Bill'!#REF!,"AAAAADf5z6Y=") -> #REF! | FL14: =AND('Pay Bill'!N49,"AAAAADf5z6c=") -> #VALUE! | FM14: =AND('Pay Bill'!A50,"AAAAADf5z6g=") -> #VALUE! | FN14: =AND('Pay Bill'!B50,"AAAAADf5z6k=") -> #VALUE! | FO14: =AND('Pay Bill'!C50,"AAAAADf5z6o=") -> #VALUE! | FP14: =AND('Pay Bill'!D50,"AAAAADf5z6s=") -> #VALUE! | FQ14: =AND('Pay Bill'!E50,"AAAAADf5z6w=") -> #VALUE! | FR14: =AND('Pay Bill'!F50,"AAAAADf5z60=") -> #VALUE! | FS14: =AND('Pay Bill'!#REF!,"AAAAADf5z64=") -> #REF! | FT14: =AND('Pay Bill'!H50,"AAAAADf5z68=") -> #VALUE! | FU14: =AND('Pay Bill'!I50,"AAAAADf5z7A=") -> #VALUE! | FV14: =AND('Pay Bill'!J50,"AAAAADf5z7E=") -> #VALUE! | FW14: =AND('Pay Bill'!#REF!,"AAAAADf5z7I=") -> #REF! | FX14: =AND('Pay Bill'!#REF!,"AAAAADf5z7M=") -> #REF! | FY14: =AND('Pay Bill'!#REF!,"AAAAADf5z7Q=") -> #REF! | FZ14: =AND('Pay Bill'!K50,"AAAAADf5z7U=") -> #VALUE! | GA14: =AND('Pay Bill'!L50,"AAAAADf5z7Y=") -> #VALUE! | GB14: =AND('Pay Bill'!M50,"AAAAADf5z7c=") -> #VALUE! | GC14: =AND('Pay Bill'!#REF!,"AAAAADf5z7g=") -> #REF! | GD14: =AND('Pay Bill'!#REF!,"AAAAADf5z7k=") -> #REF! | GE14: =AND('Pay Bill'!#REF!,"AAAAADf5z7o=") -> #REF! | GF14: =AND('Pay Bill'!#REF!,"AAAAADf5z7s=") -> #REF! | GG14: =AND('Pay Bill'!N50,"AAAAADf5z7w=") -> #VALUE! | GH14: =AND('Pay Bill'!A51,"AAAAADf5z70=") -> #VALUE! | GI14: =AND('Pay Bill'!B51,"AAAAADf5z74=") -> #VALUE! | GJ14: =AND('Pay Bill'!C51,"AAAAADf5z78=") -> #VALUE! | GK14: =AND('Pay Bill'!D51,"AAAAADf5z8A=") -> #VALUE! | GL14: =AND('Pay Bill'!E51,"AAAAADf5z8E=") -> #VALUE! | GM14: =AND('Pay Bill'!F51,"AAAAADf5z8I=") -> #VALUE! | GN14: =AND('Pay Bill'!#REF!,"AAAAADf5z8M=") -> #REF! | GO14: =AND('Pay Bill'!H51,"AAAAADf5z8Q=") -> #VALUE! | GP14: =AND('Pay Bill'!I51,"AAAAADf5z8U=") -> #VALUE! | GQ14: =AND('Pay Bill'!J51,"AAAAADf5z8Y=") -> #VALUE! | GR14: =AND('Pay Bill'!#REF!,"AAAAADf5z8c=") -> #REF! | GS14: =AND('Pay Bill'!#REF!,"AAAAADf5z8g=") -> #REF! | GT14: =AND('Pay Bill'!#REF!,"AAAAADf5z8k=") -> #REF! | GU14: =AND('Pay Bill'!K51,"AAAAADf5z8o=") -> #VALUE! | GV14: =AND('Pay Bill'!L51,"AAAAADf5z8s=") -> #VALUE! | GW14: =AND('Pay Bill'!M51,"AAAAADf5z8w=") -> #VALUE! | GX14: =AND('Pay Bill'!#REF!,"AAAAADf5z80=") -> #REF! | GY14: =AND('Pay Bill'!#REF!,"AAAAADf5z84=") -> #REF! | GZ14: =AND('Pay Bill'!#REF!,"AAAAADf5z88=") -> #REF! | HA14: =AND('Pay Bill'!#REF!,"AAAAADf5z9A=") -> #REF! | HB14: =AND('Pay Bill'!N51,"AAAAADf5z9E=") -> #VALUE! | HC14: =AND('Pay Bill'!A52,"AAAAADf5z9I=") -> #VALUE! | HD14: =AND('Pay Bill'!B52,"AAAAADf5z9M=") -> #VALUE! | HE14: =AND('Pay Bill'!C52,"AAAAADf5z9Q=") -> #VALUE! | HF14: =AND('Pay Bill'!D52,"AAAAADf5z9U=") -> #VALUE! | HG14: =AND('Pay Bill'!E52,"AAAAADf5z9Y=") -> #VALUE! | HH14: =AND('Pay Bill'!F52,"AAAAADf5z9c=") -> #VALUE! | HI14: =AND('Pay Bill'!#REF!,"AAAAADf5z9g=") -> #REF! | HJ14: =AND('Pay Bill'!H52,"AAAAADf5z9k=") -> #VALUE! | HK14: =AND('Pay Bill'!I52,"AAAAADf5z9o=") -> #VALUE! | HL14: =AND('Pay Bill'!J52,"AAAAADf5z9s=") -> #VALUE! | HM14: =AND('Pay Bill'!#REF!,"AAAAADf5z9w=") -> #REF! | HN14: =AND('Pay Bill'!#REF!,"AAAAADf5z90=") -> #REF! | HO14: =AND('Pay Bill'!#REF!,"AAAAADf5z94=") -> #REF! | HP14: =AND('Pay Bill'!K52,"AAAAADf5z98=") -> #VALUE! | HQ14: =AND('Pay Bill'!L52,"AAAAADf5z+A=") -> #VALUE! | HR14: =AND('Pay Bill'!M52,"AAAAADf5z+E=") -> #VALUE! | HS14: =AND('Pay Bill'!#REF!,"AAAAADf5z+I=") -> #REF! | HT14: =AND('Pay Bill'!#REF!,"AAAAADf5z+M=") -> #REF! | HU14: =AND('Pay Bill'!#REF!,"AAAAADf5z+Q=") -> #REF! | HV14: =AND('Pay Bill'!#REF!,"AAAAADf5z+U=") -> #REF! | HW14: =AND('Pay Bill'!N52,"AAAAADf5z+Y=") -> #VALUE! | HX14: =AND('Pay Bill'!A53,"AAAAADf5z+c=") -> #VALUE! | HY14: =AND('Pay Bill'!B53,"AAAAADf5z+g=") -> #VALUE! | HZ14: =AND('Pay Bill'!C53,"AAAAADf5z+k=") -> #VALUE! | IA14: =AND('Pay Bill'!D53,"AAAAADf5z+o=") -> #VALUE! | IB14: =AND('Pay Bill'!E53,"AAAAADf5z+s=") -> #VALUE! | IC14: =AND('Pay Bill'!F53,"AAAAADf5z+w=") -> #VALUE! | ID14: =AND('Pay Bill'!#REF!,"AAAAADf5z+0=") -> #REF! | IE14: =AND('Pay Bill'!H53,"AAAAADf5z+4=") -> #VALUE! | IF14: =AND('Pay Bill'!I53,"AAAAADf5z+8=") -> #VALUE! | IG14: =AND('Pay Bill'!J53,"AAAAADf5z/A=") -> #VALUE! | IH14: =AND('Pay Bill'!#REF!,"AAAAADf5z/E=") -> #REF! | II14: =AND('Pay Bill'!#REF!,"AAAAADf5z/I=") -> #REF! | IJ14: =AND('Pay Bill'!#REF!,"AAAAADf5z/M=") -> #REF! | IK14: =AND('Pay Bill'!K53,"AAAAADf5z/Q=") -> #VALUE! | IL14: =AND('Pay Bill'!L53,"AAAAADf5z/U=") -> #VALUE! | IM14: =AND('Pay Bill'!M53,"AAAAADf5z/Y=") -> #VALUE! | IN14: =AND('Pay Bill'!#REF!,"AAAAADf5z/c=") -> #REF! | IO14: =AND('Pay Bill'!#REF!,"AAAAADf5z/g=") -> #REF! | IP14: =AND('Pay Bill'!#REF!,"AAAAADf5z/k=") -> #REF! | IQ14: =AND('Pay Bill'!#REF!,"AAAAADf5z/o=") -> #REF! | IR14: =AND('Pay Bill'!N53,"AAAAADf5z/s=") -> #VALUE! | IS14: =AND('Pay Bill'!A54,"AAAAADf5z/w=") -> #VALUE! | IT14: =AND('Pay Bill'!B54,"AAAAADf5z/0=") -> #VALUE! | IU14: =AND('Pay Bill'!C54,"AAAAADf5z/4=") -> #VALUE! | IV14: =AND('Pay Bill'!D54,"AAAAADf5z/8=") -> #VALUE!
A15: =AND('Pay Bill'!E54,"AAAAACz//wA=") -> #VALUE! | B15: =AND('Pay Bill'!F54,"AAAAACz//wE=") -> #VALUE! | C15: =AND('Pay Bill'!#REF!,"AAAAACz//wI=") -> #REF! | D15: =AND('Pay Bill'!H54,"AAAAACz//wM=") -> #VALUE! | E15: =AND('Pay Bill'!I54,"AAAAACz//wQ=") -> #VALUE! | F15: =AND('Pay Bill'!J54,"AAAAACz//wU=") -> #VALUE! | G15: =AND('Pay Bill'!#REF!,"AAAAACz//wY=") -> #REF! | H15: =AND('Pay Bill'!#REF!,"AAAAACz//wc=") -> #REF! | I15: =AND('Pay Bill'!#REF!,"AAAAACz//wg=") -> #REF! | J15: =AND('Pay Bill'!K54,"AAAAACz//wk=") -> #VALUE! | K15: =AND('Pay Bill'!L54,"AAAAACz//wo=") -> #VALUE! | L15: =AND('Pay Bill'!M54,"AAAAACz//ws=") -> #VALUE! | M15: =AND('Pay Bill'!#REF!,"AAAAACz//ww=") -> #REF! | N15: =AND('Pay Bill'!#REF!,"AAAAACz//w0=") -> #REF! | O15: =AND('Pay Bill'!#REF!,"AAAAACz//w4=") -> #REF! | P15: =AND('Pay Bill'!#REF!,"AAAAACz//w8=") -> #REF! | Q15: =AND('Pay Bill'!N54,"AAAAACz//xA=") -> #VALUE! | R15: =AND('Pay Bill'!A55,"AAAAACz//xE=") -> #VALUE! | S15: =AND('Pay Bill'!B55,"AAAAACz//xI=") -> #VALUE! | T15: =AND('Pay Bill'!C55,"AAAAACz//xM=") -> #VALUE! | U15: =AND('Pay Bill'!D55,"AAAAACz//xQ=") -> #VALUE! | V15: =AND('Pay Bill'!E55,"AAAAACz//xU=") -> #VALUE! | W15: =AND('Pay Bill'!F55,"AAAAACz//xY=") -> #VALUE! | X15: =AND('Pay Bill'!G55,"AAAAACz//xc=") -> #VALUE! | Y15: =AND('Pay Bill'!H55,"AAAAACz//xg=") -> #VALUE! | Z15: =AND('Pay Bill'!I55,"AAAAACz//xk=") -> #VALUE! | AA15: =AND('Pay Bill'!J55,"AAAAACz//xo=") -> #VALUE! | AB15: =AND('Pay Bill'!#REF!,"AAAAACz//xs=") -> #REF! | AC15: =AND('Pay Bill'!#REF!,"AAAAACz//xw=") -> #REF! | AD15: =AND('Pay Bill'!#REF!,"AAAAACz//x0=") -> #REF! | AE15: =AND('Pay Bill'!K55,"AAAAACz//x4=") -> #VALUE! | AF15: =AND('Pay Bill'!L55,"AAAAACz//x8=") -> #VALUE! | AG15: =AND('Pay Bill'!M55,"AAAAACz//yA=") -> #VALUE! | AH15: =AND('Pay Bill'!#REF!,"AAAAACz//yE=") -> #REF! | AI15: =AND('Pay Bill'!#REF!,"AAAAACz//yI=") -> #REF! | AJ15: =AND('Pay Bill'!#REF!,"AAAAACz//yM=") -> #REF! | AK15: =AND('Pay Bill'!#REF!,"AAAAACz//yQ=") -> #REF! | AL15: =AND('Pay Bill'!N55,"AAAAACz//yU=") -> #VALUE! | AM15: =AND('Pay Bill'!A56,"AAAAACz//yY=") -> #VALUE! | AN15: =AND('Pay Bill'!B56,"AAAAACz//yc=") -> #VALUE! | AO15: =AND('Pay Bill'!C56,"AAAAACz//yg=") -> #VALUE! | AP15: =AND('Pay Bill'!D56,"AAAAACz//yk=") -> #VALUE! | AQ15: =AND('Pay Bill'!E56,"AAAAACz//yo=") -> #VALUE! | AR15: =AND('Pay Bill'!F56,"AAAAACz//ys=") -> #VALUE! | AS15: =AND('Pay Bill'!G56,"AAAAACz//yw=") -> #VALUE! | AT15: =AND('Pay Bill'!H56,"AAAAACz//y0=") -> #VALUE! | AU15: =AND('Pay Bill'!I56,"AAAAACz//y4=") -> #VALUE! | AV15: =AND('Pay Bill'!J56,"AAAAACz//y8=") -> #VALUE! | AW15: =AND('Pay Bill'!#REF!,"AAAAACz//zA=") -> #REF! | AX15: =AND('Pay Bill'!#REF!,"AAAAACz//zE=") -> #REF! | AY15: =AND('Pay Bill'!#REF!,"AAAAACz//zI=") -> #REF! | AZ15: =AND('Pay Bill'!K56,"AAAAACz//zM=") -> #VALUE! | BA15: =AND('Pay Bill'!L56,"AAAAACz//zQ=") -> #VALUE! | BB15: =AND('Pay Bill'!M56,"AAAAACz//zU=") -> #VALUE! | BC15: =AND('Pay Bill'!#REF!,"AAAAACz//zY=") -> #REF! | BD15: =AND('Pay Bill'!#REF!,"AAAAACz//zc=") -> #REF! | BE15: =AND('Pay Bill'!#REF!,"AAAAACz//zg=") -> #REF! | BF15: =AND('Pay Bill'!#REF!,"AAAAACz//zk=") -> #REF! | BG15: =AND('Pay Bill'!N56,"AAAAACz//zo=") -> #VALUE! | BH15: =AND('Pay Bill'!A57,"AAAAACz//zs=") -> #VALUE! | BI15: =AND('Pay Bill'!B57,"AAAAACz//zw=") -> #VALUE! | BJ15: =AND('Pay Bill'!C57,"AAAAACz//z0=") -> #VALUE! | BK15: =AND('Pay Bill'!D57,"AAAAACz//z4=") -> #VALUE! | BL15: =AND('Pay Bill'!E57,"AAAAACz//z8=") -> #VALUE! | BM15: =AND('Pay Bill'!F57,"AAAAACz//0A=") -> #VALUE! | BN15: =AND('Pay Bill'!G57,"AAAAACz//0E=") -> #VALUE! | BO15: =AND('Pay Bill'!H57,"AAAAACz//0I=") -> #VALUE! | BP15: =AND('Pay Bill'!I57,"AAAAACz//0M=") -> #VALUE! | BQ15: =AND('Pay Bill'!J57,"AAAAACz//0Q=") -> #VALUE! | BR15: =AND('Pay Bill'!#REF!,"AAAAACz//0U=") -> #REF! | BS15: =AND('Pay Bill'!#REF!,"AAAAACz//0Y=") -> #REF! | BT15: =AND('Pay Bill'!#REF!,"AAAAACz//0c=") -> #REF! | BU15: =AND('Pay Bill'!K57,"AAAAACz//0g=") -> #VALUE! | BV15: =AND('Pay Bill'!L57,"AAAAACz//0k=") -> #VALUE! | BW15: =AND('Pay Bill'!M57,"AAAAACz//0o=") -> #VALUE! | BX15: =AND('Pay Bill'!#REF!,"AAAAACz//0s=") -> #REF! | BY15: =AND('Pay Bill'!#REF!,"AAAAACz//0w=") -> #REF! | BZ15: =AND('Pay Bill'!#REF!,"AAAAACz//00=") -> #REF! | CA15: =AND('Pay Bill'!#REF!,"AAAAACz//04=") -> #REF! | CB15: =AND('Pay Bill'!N57,"AAAAACz//08=") -> #VALUE! | CC15: =AND('Pay Bill'!A58,"AAAAACz//1A=") -> #VALUE! | CD15: =AND('Pay Bill'!B58,"AAAAACz//1E=") -> #VALUE! | CE15: =AND('Pay Bill'!C58,"AAAAACz//1I=") -> #VALUE! | CF15: =AND('Pay Bill'!D58,"AAAAACz//1M=") -> #VALUE! | CG15: =AND('Pay Bill'!E58,"AAAAACz//1Q=") -> #VALUE! | CH15: =AND('Pay Bill'!F58,"AAAAACz//1U=") -> #VALUE! | CI15: =AND('Pay Bill'!G58,"AAAAACz//1Y=") -> #VALUE! | CJ15: =AND('Pay Bill'!H58,"AAAAACz//1c=") -> #VALUE! | CK15: =AND('Pay Bill'!I58,"AAAAACz//1g=") -> #VALUE! | CL15: =AND('Pay Bill'!J58,"AAAAACz//1k=") -> #VALUE! | CM15: =AND('Pay Bill'!#REF!,"AAAAACz//1o=") -> #REF! | CN15: =AND('Pay Bill'!#REF!,"AAAAACz//1s=") -> #REF! | CO15: =AND('Pay Bill'!#REF!,"AAAAACz//1w=") -> #REF! | CP15: =AND('Pay Bill'!K58,"AAAAACz//10=") -> #VALUE! | CQ15: =AND('Pay Bill'!L58,"AAAAACz//14=") -> #VALUE! | CR15: =AND('Pay Bill'!M58,"AAAAACz//18=") -> #VALUE! | CS15: =AND('Pay Bill'!#REF!,"AAAAACz//2A=") -> #REF! | CT15: =AND('Pay Bill'!#REF!,"AAAAACz//2E=") -> #REF! | CU15: =AND('Pay Bill'!#REF!,"AAAAACz//2I=") -> #REF! | CV15: =AND('Pay Bill'!#REF!,"AAAAACz//2M=") -> #REF! | CW15: =AND('Pay Bill'!N58,"AAAAACz//2Q=") -> #VALUE! | CX15: =AND('Pay Bill'!A59,"AAAAACz//2U=") -> #VALUE! | CY15: =AND('Pay Bill'!B59,"AAAAACz//2Y=") -> #VALUE! | CZ15: =AND('Pay Bill'!C59,"AAAAACz//2c=") -> #VALUE! | DA15: =AND('Pay Bill'!D59,"AAAAACz//2g=") -> #VALUE! | DB15: =AND('Pay Bill'!E59,"AAAAACz//2k=") -> #VALUE! | DC15: =AND('Pay Bill'!F59,"AAAAACz//2o=") -> #VALUE! | DD15: =AND('Pay Bill'!G59,"AAAAACz//2s=") -> #VALUE! | DE15: =AND('Pay Bill'!H59,"AAAAACz//2w=") -> #VALUE! | DF15: =AND('Pay Bill'!I59,"AAAAACz//20=") -> #VALUE! | DG15: =AND('Pay Bill'!J59,"AAAAACz//24=") -> #VALUE! | DH15: =AND('Pay Bill'!#REF!,"AAAAACz//28=") -> #REF! | DI15: =AND('Pay Bill'!#REF!,"AAAAACz//3A=") -> #REF! | DJ15: =AND('Pay Bill'!#REF!,"AAAAACz//3E=") -> #REF! | DK15: =AND('Pay Bill'!K59,"AAAAACz//3I=") -> #VALUE! | DL15: =AND('Pay Bill'!L59,"AAAAACz//3M=") -> #VALUE! | DM15: =AND('Pay Bill'!M59,"AAAAACz//3Q=") -> #VALUE! | DN15: =AND('Pay Bill'!#REF!,"AAAAACz//3U=") -> #REF! | DO15: =AND('Pay Bill'!#REF!,"AAAAACz//3Y=") -> #REF! | DP15: =AND('Pay Bill'!#REF!,"AAAAACz//3c=") -> #REF! | DQ15: =AND('Pay Bill'!#REF!,"AAAAACz//3g=") -> #REF! | DR15: =AND('Pay Bill'!N59,"AAAAACz//3k=") -> #VALUE! | DS15: =AND('Pay Bill'!A60,"AAAAACz//3o=") -> #VALUE! | DT15: =AND('Pay Bill'!B60,"AAAAACz//3s=") -> #VALUE! | DU15: =AND('Pay Bill'!C60,"AAAAACz//3w=") -> #VALUE! | DV15: =AND('Pay Bill'!D60,"AAAAACz//30=") -> #VALUE! | DW15: =AND('Pay Bill'!E60,"AAAAACz//34=") -> #VALUE! | DX15: =AND('Pay Bill'!F60,"AAAAACz//38=") -> #VALUE! | DY15: =AND('Pay Bill'!G60,"AAAAACz//4A=") -> #VALUE! | DZ15: =AND('Pay Bill'!H60,"AAAAACz//4E=") -> #VALUE! | EA15: =AND('Pay Bill'!I60,"AAAAACz//4I=") -> #VALUE! | EB15: =AND('Pay Bill'!J60,"AAAAACz//4M=") -> #VALUE! | EC15: =AND('Pay Bill'!#REF!,"AAAAACz//4Q=") -> #REF! | ED15: =AND('Pay Bill'!#REF!,"AAAAACz//4U=") -> #REF! | EE15: =AND('Pay Bill'!#REF!,"AAAAACz//4Y=") -> #REF! | EF15: =AND('Pay Bill'!K60,"AAAAACz//4c=") -> #VALUE! | EG15: =AND('Pay Bill'!L60,"AAAAACz//4g=") -> #VALUE! | EH15: =AND('Pay Bill'!M60,"AAAAACz//4k=") -> #VALUE! | EI15: =AND('Pay Bill'!#REF!,"AAAAACz//4o=") -> #REF! | EJ15: =AND('Pay Bill'!#REF!,"AAAAACz//4s=") -> #REF! | EK15: =AND('Pay Bill'!#REF!,"AAAAACz//4w=") -> #REF! | EL15: =AND('Pay Bill'!#REF!,"AAAAACz//40=") -> #REF! | EM15: =AND('Pay Bill'!N60,"AAAAACz//44=") -> #VALUE! | EN15: =AND('Pay Bill'!A61,"AAAAACz//48=") -> #VALUE! | EO15: =AND('Pay Bill'!B61,"AAAAACz//5A=") -> #VALUE! | EP15: =AND('Pay Bill'!C61,"AAAAACz//5E=") -> #VALUE! | EQ15: =AND('Pay Bill'!D61,"AAAAACz//5I=") -> #VALUE! | ER15: =AND('Pay Bill'!E61,"AAAAACz//5M=") -> #VALUE! | ES15: =AND('Pay Bill'!F61,"AAAAACz//5Q=") -> #VALUE! | ET15: =AND('Pay Bill'!G61,"AAAAACz//5U=") -> #VALUE! | EU15: =AND('Pay Bill'!H61,"AAAAACz//5Y=") -> #VALUE! | EV15: =AND('Pay Bill'!I61,"AAAAACz//5c=") -> #VALUE! | EW15: =AND('Pay Bill'!J61,"AAAAACz//5g=") -> #VALUE! | EX15: =AND('Pay Bill'!#REF!,"AAAAACz//5k=") -> #REF! | EY15: =AND('Pay Bill'!#REF!,"AAAAACz//5o=") -> #REF! | EZ15: =AND('Pay Bill'!#REF!,"AAAAACz//5s=") -> #REF! | FA15: =AND('Pay Bill'!K61,"AAAAACz//5w=") -> #VALUE! | FB15: =AND('Pay Bill'!L61,"AAAAACz//50=") -> #VALUE! | FC15: =AND('Pay Bill'!M61,"AAAAACz//54=") -> #VALUE! | FD15: =AND('Pay Bill'!#REF!,"AAAAACz//58=") -> #REF! | FE15: =AND('Pay Bill'!#REF!,"AAAAACz//6A=") -> #REF! | FF15: =AND('Pay Bill'!#REF!,"AAAAACz//6E=") -> #REF! | FG15: =AND('Pay Bill'!#REF!,"AAAAACz//6I=") -> #REF! | FH15: =AND('Pay Bill'!N61,"AAAAACz//6M=") -> #VALUE! | FI15: =AND('Pay Bill'!A62,"AAAAACz//6Q=") -> #VALUE! | FJ15: =AND('Pay Bill'!B62,"AAAAACz//6U=") -> #VALUE! | FK15: =AND('Pay Bill'!C62,"AAAAACz//6Y=") -> #VALUE! | FL15: =AND('Pay Bill'!D62,"AAAAACz//6c=") -> #VALUE! | FM15: =AND('Pay Bill'!E62,"AAAAACz//6g=") -> #VALUE! | FN15: =AND('Pay Bill'!F62,"AAAAACz//6k=") -> #VALUE! | FO15: =AND('Pay Bill'!G62,"AAAAACz//6o=") -> #VALUE! | FP15: =AND('Pay Bill'!H62,"AAAAACz//6s=") -> #VALUE! | FQ15: =AND('Pay Bill'!I62,"AAAAACz//6w=") -> #VALUE! | FR15: =AND('Pay Bill'!J62,"AAAAACz//60=") -> #VALUE! | FS15: =AND('Pay Bill'!#REF!,"AAAAACz//64=") -> #REF! | FT15: =AND('Pay Bill'!#REF!,"AAAAACz//68=") -> #REF! | FU15: =AND('Pay Bill'!#REF!,"AAAAACz//7A=") -> #REF! | FV15: =AND('Pay Bill'!K62,"AAAAACz//7E=") -> #VALUE! | FW15: =AND('Pay Bill'!L62,"AAAAACz//7I=") -> #VALUE! | FX15: =AND('Pay Bill'!M62,"AAAAACz//7M=") -> #VALUE! | FY15: =AND('Pay Bill'!#REF!,"AAAAACz//7Q=") -> #REF! | FZ15: =AND('Pay Bill'!#REF!,"AAAAACz//7U=") -> #REF! | GA15: =AND('Pay Bill'!#REF!,"AAAAACz//7Y=") -> #REF! | GB15: =AND('Pay Bill'!#REF!,"AAAAACz//7c=") -> #REF! | GC15: =AND('Pay Bill'!N62,"AAAAACz//7g=") -> #VALUE! | GD15: =AND('Pay Bill'!A63,"AAAAACz//7k=") -> #VALUE! | GE15: =AND('Pay Bill'!B63,"AAAAACz//7o=") -> #VALUE! | GF15: =AND('Pay Bill'!C63,"AAAAACz//7s=") -> #VALUE! | GG15: =AND('Pay Bill'!D63,"AAAAACz//7w=") -> #VALUE! | GH15: =AND('Pay Bill'!E63,"AAAAACz//70=") -> #VALUE! | GI15: =AND('Pay Bill'!F63,"AAAAACz//74=") -> #VALUE! | GJ15: =AND('Pay Bill'!G63,"AAAAACz//78=") -> #VALUE! | GK15: =AND('Pay Bill'!H63,"AAAAACz//8A=") -> #VALUE! | GL15: =AND('Pay Bill'!I63,"AAAAACz//8E=") -> #VALUE! | GM15: =AND('Pay Bill'!J63,"AAAAACz//8I=") -> #VALUE! | GN15: =AND('Pay Bill'!#REF!,"AAAAACz//8M=") -> #REF! | GO15: =AND('Pay Bill'!#REF!,"AAAAACz//8Q=") -> #REF! | GP15: =AND('Pay Bill'!#REF!,"AAAAACz//8U=") -> #REF! | GQ15: =AND('Pay Bill'!K63,"AAAAACz//8Y=") -> #VALUE! | GR15: =AND('Pay Bill'!L63,"AAAAACz//8c=") -> #VALUE! | GS15: =AND('Pay Bill'!M63,"AAAAACz//8g=") -> #VALUE! | GT15: =AND('Pay Bill'!#REF!,"AAAAACz//8k=") -> #REF! | GU15: =AND('Pay Bill'!#REF!,"AAAAACz//8o=") -> #REF! | GV15: =AND('Pay Bill'!#REF!,"AAAAACz//8s=") -> #REF! | GW15: =AND('Pay Bill'!#REF!,"AAAAACz//8w=") -> #REF! | GX15: =AND('Pay Bill'!N63,"AAAAACz//80=") -> #VALUE! | GY15: =AND('Pay Bill'!A64,"AAAAACz//84=") -> #VALUE! | GZ15: =AND('Pay Bill'!B64,"AAAAACz//88=") -> #VALUE! | HA15: =AND('Pay Bill'!C64,"AAAAACz//9A=") -> #VALUE! | HB15: =AND('Pay Bill'!D64,"AAAAACz//9E=") -> #VALUE! | HC15: =AND('Pay Bill'!E64,"AAAAACz//9I=") -> #VALUE! | HD15: =AND('Pay Bill'!F64,"AAAAACz//9M=") -> #VALUE! | HE15: =AND('Pay Bill'!G64,"AAAAACz//9Q=") -> #VALUE! | HF15: =AND('Pay Bill'!H64,"AAAAACz//9U=") -> #VALUE! | HG15: =AND('Pay Bill'!I64,"AAAAACz//9Y=") -> #VALUE! | HH15: =AND('Pay Bill'!J64,"AAAAACz//9c=") -> #VALUE! | HI15: =AND('Pay Bill'!#REF!,"AAAAACz//9g=") -> #REF! | HJ15: =AND('Pay Bill'!#REF!,"AAAAACz//9k=") -> #REF! | HK15: =AND('Pay Bill'!#REF!,"AAAAACz//9o=") -> #REF! | HL15: =AND('Pay Bill'!K64,"AAAAACz//9s=") -> #VALUE! | HM15: =AND('Pay Bill'!L64,"AAAAACz//9w=") -> #VALUE! | HN15: =AND('Pay Bill'!M64,"AAAAACz//90=") -> #VALUE! | HO15: =AND('Pay Bill'!#REF!,"AAAAACz//94=") -> #REF! | HP15: =AND('Pay Bill'!#REF!,"AAAAACz//98=") -> #REF! | HQ15: =AND('Pay Bill'!#REF!,"AAAAACz//+A=") -> #REF! | HR15: =AND('Pay Bill'!#REF!,"AAAAACz//+E=") -> #REF! | HS15: =AND('Pay Bill'!N64,"AAAAACz//+I=") -> #VALUE! | HT15: =AND('Pay Bill'!A65,"AAAAACz//+M=") -> #VALUE! | HU15: =AND('Pay Bill'!B65,"AAAAACz//+Q=") -> #VALUE! | HV15: =AND('Pay Bill'!C65,"AAAAACz//+U=") -> #VALUE! | HW15: =AND('Pay Bill'!D65,"AAAAACz//+Y=") -> #VALUE! | HX15: =AND('Pay Bill'!E65,"AAAAACz//+c=") -> #VALUE! | HY15: =AND('Pay Bill'!F65,"AAAAACz//+g=") -> #VALUE! | HZ15: =AND('Pay Bill'!G65,"AAAAACz//+k=") -> #VALUE! | IA15: =AND('Pay Bill'!H65,"AAAAACz//+o=") -> #VALUE! | IB15: =AND('Pay Bill'!I65,"AAAAACz//+s=") -> #VALUE! | IC15: =AND('Pay Bill'!J65,"AAAAACz//+w=") -> #VALUE! | ID15: =AND('Pay Bill'!#REF!,"AAAAACz//+0=") -> #REF! | IE15: =AND('Pay Bill'!#REF!,"AAAAACz//+4=") -> #REF! | IF15: =AND('Pay Bill'!#REF!,"AAAAACz//+8=") -> #REF! | IG15: =AND('Pay Bill'!K65,"AAAAACz///A=") -> #VALUE! | IH15: =AND('Pay Bill'!L65,"AAAAACz///E=") -> #VALUE! | II15: =AND('Pay Bill'!M65,"AAAAACz///I=") -> #VALUE! | IJ15: =AND('Pay Bill'!#REF!,"AAAAACz///M=") -> #REF! | IK15: =AND('Pay Bill'!#REF!,"AAAAACz///Q=") -> #REF! | IL15: =AND('Pay Bill'!#REF!,"AAAAACz///U=") -> #REF! | IM15: =AND('Pay Bill'!#REF!,"AAAAACz///Y=") -> #REF! | IN15: =AND('Pay Bill'!N65,"AAAAACz///c=") -> #VALUE! | IO15: =AND('Pay Bill'!A66,"AAAAACz///g=") -> #VALUE! | IP15: =AND('Pay Bill'!B66,"AAAAACz///k=") -> #VALUE! | IQ15: =AND('Pay Bill'!C66,"AAAAACz///o=") -> #VALUE! | IR15: =AND('Pay Bill'!D66,"AAAAACz///s=") -> #VALUE! | IS15: =AND('Pay Bill'!E66,"AAAAACz///w=") -> #VALUE! | IT15: =AND('Pay Bill'!F66,"AAAAACz///0=") -> #VALUE! | IU15: =AND('Pay Bill'!G66,"AAAAACz///4=") -> #VALUE! | IV15: =AND('Pay Bill'!H66,"AAAAACz///8=") -> #VALUE!
A16: =AND('Pay Bill'!I66,"AAAAAH+v/wA=") -> #VALUE! | B16: =AND('Pay Bill'!J66,"AAAAAH+v/wE=") -> #VALUE! | C16: =AND('Pay Bill'!#REF!,"AAAAAH+v/wI=") -> #REF! | D16: =AND('Pay Bill'!#REF!,"AAAAAH+v/wM=") -> #REF! | E16: =AND('Pay Bill'!#REF!,"AAAAAH+v/wQ=") -> #REF! | F16: =AND('Pay Bill'!K66,"AAAAAH+v/wU=") -> #VALUE! | G16: =AND('Pay Bill'!L66,"AAAAAH+v/wY=") -> #VALUE! | H16: =AND('Pay Bill'!M66,"AAAAAH+v/wc=") -> #VALUE! | I16: =AND('Pay Bill'!#REF!,"AAAAAH+v/wg=") -> #REF! | J16: =AND('Pay Bill'!#REF!,"AAAAAH+v/wk=") -> #REF! | K16: =AND('Pay Bill'!#REF!,"AAAAAH+v/wo=") -> #REF! | L16: =AND('Pay Bill'!#REF!,"AAAAAH+v/ws=") -> #REF! | M16: =AND('Pay Bill'!N66,"AAAAAH+v/ww=") -> #VALUE! | N16: =AND('Pay Bill'!A67,"AAAAAH+v/w0=") -> #VALUE! | O16: =AND('Pay Bill'!B67,"AAAAAH+v/w4=") -> #VALUE! | P16: =AND('Pay Bill'!C67,"AAAAAH+v/w8=") -> #VALUE! | Q16: =AND('Pay Bill'!D67,"AAAAAH+v/xA=") -> #VALUE! | R16: =AND('Pay Bill'!E67,"AAAAAH+v/xE=") -> #VALUE! | S16: =AND('Pay Bill'!F67,"AAAAAH+v/xI=") -> #VALUE! | T16: =AND('Pay Bill'!G67,"AAAAAH+v/xM=") -> #VALUE! | U16: =AND('Pay Bill'!H67,"AAAAAH+v/xQ=") -> #VALUE! | V16: =AND('Pay Bill'!I67,"AAAAAH+v/xU=") -> #VALUE! | W16: =AND('Pay Bill'!J67,"AAAAAH+v/xY=") -> #VALUE! | X16: =AND('Pay Bill'!#REF!,"AAAAAH+v/xc=") -> #REF! | Y16: =AND('Pay Bill'!#REF!,"AAAAAH+v/xg=") -> #REF! | Z16: =AND('Pay Bill'!#REF!,"AAAAAH+v/xk=") -> #REF! | AA16: =AND('Pay Bill'!K67,"AAAAAH+v/xo=") -> #VALUE! | AB16: =AND('Pay Bill'!L67,"AAAAAH+v/xs=") -> #VALUE! | AC16: =AND('Pay Bill'!M67,"AAAAAH+v/xw=") -> #VALUE! | AD16: =AND('Pay Bill'!#REF!,"AAAAAH+v/x0=") -> #REF! | AE16: =AND('Pay Bill'!#REF!,"AAAAAH+v/x4=") -> #REF! | AF16: =AND('Pay Bill'!#REF!,"AAAAAH+v/x8=") -> #REF! | AG16: =AND('Pay Bill'!#REF!,"AAAAAH+v/yA=") -> #REF! | AH16: =AND('Pay Bill'!N67,"AAAAAH+v/yE=") -> #VALUE! | AI16: =AND('Pay Bill'!A68,"AAAAAH+v/yI=") -> #VALUE! | AJ16: =AND('Pay Bill'!B68,"AAAAAH+v/yM=") -> #VALUE! | AK16: =AND('Pay Bill'!C68,"AAAAAH+v/yQ=") -> #VALUE! | AL16: =AND('Pay Bill'!D68,"AAAAAH+v/yU=") -> #VALUE! | AM16: =AND('Pay Bill'!E68,"AAAAAH+v/yY=") -> #VALUE! | AN16: =AND('Pay Bill'!F68,"AAAAAH+v/yc=") -> #VALUE! | AO16: =AND('Pay Bill'!G68,"AAAAAH+v/yg=") -> #VALUE! | AP16: =AND('Pay Bill'!H68,"AAAAAH+v/yk=") -> #VALUE! | AQ16: =AND('Pay Bill'!I68,"AAAAAH+v/yo=") -> #VALUE! | AR16: =AND('Pay Bill'!J68,"AAAAAH+v/ys=") -> #VALUE! | AS16: =AND('Pay Bill'!#REF!,"AAAAAH+v/yw=") -> #REF! | AT16: =AND('Pay Bill'!#REF!,"AAAAAH+v/y0=") -> #REF! | AU16: =AND('Pay Bill'!#REF!,"AAAAAH+v/y4=") -> #REF! | AV16: =AND('Pay Bill'!K68,"AAAAAH+v/y8=") -> #VALUE! | AW16: =AND('Pay Bill'!L68,"AAAAAH+v/zA=") -> #VALUE! | AX16: =AND('Pay Bill'!M68,"AAAAAH+v/zE=") -> #VALUE! | AY16: =AND('Pay Bill'!#REF!,"AAAAAH+v/zI=") -> #REF! | AZ16: =AND('Pay Bill'!#REF!,"AAAAAH+v/zM=") -> #REF! | BA16: =AND('Pay Bill'!#REF!,"AAAAAH+v/zQ=") -> #REF! | BB16: =AND('Pay Bill'!#REF!,"AAAAAH+v/zU=") -> #REF! | BC16: =AND('Pay Bill'!N68,"AAAAAH+v/zY=") -> #VALUE! | BD16: =AND('Pay Bill'!A69,"AAAAAH+v/zc=") -> #VALUE! | BE16: =AND('Pay Bill'!B69,"AAAAAH+v/zg=") -> #VALUE! | BF16: =AND('Pay Bill'!C69,"AAAAAH+v/zk=") -> #VALUE! | BG16: =AND('Pay Bill'!D69,"AAAAAH+v/zo=") -> #VALUE! | BH16: =AND('Pay Bill'!E69,"AAAAAH+v/zs=") -> #VALUE! | BI16: =AND('Pay Bill'!F69,"AAAAAH+v/zw=") -> #VALUE! | BJ16: =AND('Pay Bill'!G69,"AAAAAH+v/z0=") -> #VALUE! | BK16: =AND('Pay Bill'!H69,"AAAAAH+v/z4=") -> #VALUE! | BL16: =AND('Pay Bill'!I69,"AAAAAH+v/z8=") -> #VALUE! | BM16: =AND('Pay Bill'!J69,"AAAAAH+v/0A=") -> #VALUE! | BN16: =AND('Pay Bill'!#REF!,"AAAAAH+v/0E=") -> #REF! | BO16: =AND('Pay Bill'!#REF!,"AAAAAH+v/0I=") -> #REF! | BP16: =AND('Pay Bill'!#REF!,"AAAAAH+v/0M=") -> #REF! | BQ16: =AND('Pay Bill'!K69,"AAAAAH+v/0Q=") -> #VALUE! | BR16: =AND('Pay Bill'!L69,"AAAAAH+v/0U=") -> #VALUE! | BS16: =AND('Pay Bill'!M69,"AAAAAH+v/0Y=") -> #VALUE! | BT16: =AND('Pay Bill'!#REF!,"AAAAAH+v/0c=") -> #REF! | BU16: =AND('Pay Bill'!#REF!,"AAAAAH+v/0g=") -> #REF! | BV16: =AND('Pay Bill'!#REF!,"AAAAAH+v/0k=") -> #REF! | BW16: =AND('Pay Bill'!#REF!,"AAAAAH+v/0o=") -> #REF! | BX16: =AND('Pay Bill'!N69,"AAAAAH+v/0s=") -> #VALUE! | BY16: =AND('Pay Bill'!A70,"AAAAAH+v/0w=") -> #VALUE! | BZ16: =AND('Pay Bill'!B70,"AAAAAH+v/00=") -> #VALUE! | CA16: =AND('Pay Bill'!C70,"AAAAAH+v/04=") -> #VALUE! | CB16: =AND('Pay Bill'!D70,"AAAAAH+v/08=") -> #VALUE! | CC16: =AND('Pay Bill'!E70,"AAAAAH+v/1A=") -> #VALUE! | CD16: =AND('Pay Bill'!F70,"AAAAAH+v/1E=") -> #VALUE! | CE16: =AND('Pay Bill'!G70,"AAAAAH+v/1I=") -> #VALUE! | CF16: =AND('Pay Bill'!H70,"AAAAAH+v/1M=") -> #VALUE! | CG16: =AND('Pay Bill'!I70,"AAAAAH+v/1Q=") -> #VALUE! | CH16: =AND('Pay Bill'!J70,"AAAAAH+v/1U=") -> #VALUE! | CI16: =AND('Pay Bill'!#REF!,"AAAAAH+v/1Y=") -> #REF! | CJ16: =AND('Pay Bill'!#REF!,"AAAAAH+v/1c=") -> #REF! | CK16: =AND('Pay Bill'!#REF!,"AAAAAH+v/1g=") -> #REF! | CL16: =AND('Pay Bill'!K70,"AAAAAH+v/1k=") -> #VALUE! | CM16: =AND('Pay Bill'!L70,"AAAAAH+v/1o=") -> #VALUE! | CN16: =AND('Pay Bill'!M70,"AAAAAH+v/1s=") -> #VALUE! | CO16: =AND('Pay Bill'!#REF!,"AAAAAH+v/1w=") -> #REF! | CP16: =AND('Pay Bill'!#REF!,"AAAAAH+v/10=") -> #REF! | CQ16: =AND('Pay Bill'!#REF!,"AAAAAH+v/14=") -> #REF! | CR16: =AND('Pay Bill'!#REF!,"AAAAAH+v/18=") -> #REF! | CS16: =AND('Pay Bill'!N70,"AAAAAH+v/2A=") -> #VALUE! | CT16: =AND('Pay Bill'!A71,"AAAAAH+v/2E=") -> #VALUE! | CU16: =AND('Pay Bill'!B71,"AAAAAH+v/2I=") -> #VALUE! | CV16: =AND('Pay Bill'!C71,"AAAAAH+v/2M=") -> #VALUE! | CW16: =AND('Pay Bill'!D71,"AAAAAH+v/2Q=") -> #VALUE! | CX16: =AND('Pay Bill'!E71,"AAAAAH+v/2U=") -> #VALUE! | CY16: =AND('Pay Bill'!F71,"AAAAAH+v/2Y=") -> #VALUE! | CZ16: =AND('Pay Bill'!G71,"AAAAAH+v/2c=") -> #VALUE! | DA16: =AND('Pay Bill'!H71,"AAAAAH+v/2g=") -> #VALUE! | DB16: =AND('Pay Bill'!I71,"AAAAAH+v/2k=") -> #VALUE! | DC16: =AND('Pay Bill'!J71,"AAAAAH+v/2o=") -> #VALUE! | DD16: =AND('Pay Bill'!#REF!,"AAAAAH+v/2s=") -> #REF! | DE16: =AND('Pay Bill'!#REF!,"AAAAAH+v/2w=") -> #REF! | DF16: =AND('Pay Bill'!#REF!,"AAAAAH+v/20=") -> #REF! | DG16: =AND('Pay Bill'!K71,"AAAAAH+v/24=") -> #VALUE! | DH16: =AND('Pay Bill'!L71,"AAAAAH+v/28=") -> #VALUE! | DI16: =AND('Pay Bill'!M71,"AAAAAH+v/3A=") -> #VALUE! | DJ16: =AND('Pay Bill'!#REF!,"AAAAAH+v/3E=") -> #REF! | DK16: =AND('Pay Bill'!#REF!,"AAAAAH+v/3I=") -> #REF! | DL16: =AND('Pay Bill'!#REF!,"AAAAAH+v/3M=") -> #REF! | DM16: =AND('Pay Bill'!#REF!,"AAAAAH+v/3Q=") -> #REF! | DN16: =AND('Pay Bill'!N71,"AAAAAH+v/3U=") -> #VALUE! | DO16: =AND('Pay Bill'!A72,"AAAAAH+v/3Y=") -> #VALUE! | DP16: =AND('Pay Bill'!B72,"AAAAAH+v/3c=") -> #VALUE! | DQ16: =AND('Pay Bill'!C72,"AAAAAH+v/3g=") -> #VALUE! | DR16: =AND('Pay Bill'!D72,"AAAAAH+v/3k=") -> #VALUE! | DS16: =AND('Pay Bill'!E72,"AAAAAH+v/3o=") -> #VALUE! | DT16: =AND('Pay Bill'!F72,"AAAAAH+v/3s=") -> #VALUE! | DU16: =AND('Pay Bill'!G72,"AAAAAH+v/3w=") -> #VALUE! | DV16: =AND('Pay Bill'!H72,"AAAAAH+v/30=") -> #VALUE! | DW16: =AND('Pay Bill'!I72,"AAAAAH+v/34=") -> #VALUE! | DX16: =AND('Pay Bill'!J72,"AAAAAH+v/38=") -> #VALUE! | DY16: =AND('Pay Bill'!#REF!,"AAAAAH+v/4A=") -> #REF! | DZ16: =AND('Pay Bill'!#REF!,"AAAAAH+v/4E=") -> #REF! | EA16: =AND('Pay Bill'!#REF!,"AAAAAH+v/4I=") -> #REF! | EB16: =AND('Pay Bill'!K72,"AAAAAH+v/4M=") -> #VALUE! | EC16: =AND('Pay Bill'!L72,"AAAAAH+v/4Q=") -> #VALUE! | ED16: =AND('Pay Bill'!M72,"AAAAAH+v/4U=") -> #VALUE! | EE16: =AND('Pay Bill'!#REF!,"AAAAAH+v/4Y=") -> #REF! | EF16: =AND('Pay Bill'!#REF!,"AAAAAH+v/4c=") -> #REF! | EG16: =AND('Pay Bill'!#REF!,"AAAAAH+v/4g=") -> #REF! | EH16: =AND('Pay Bill'!#REF!,"AAAAAH+v/4k=") -> #REF! | EI16: =AND('Pay Bill'!N72,"AAAAAH+v/4o=") -> #VALUE! | EJ16: =AND('Pay Bill'!A73,"AAAAAH+v/4s=") -> #VALUE! | EK16: =AND('Pay Bill'!B73,"AAAAAH+v/4w=") -> #VALUE! | EL16: =AND('Pay Bill'!C73,"AAAAAH+v/40=") -> #VALUE! | EM16: =AND('Pay Bill'!D73,"AAAAAH+v/44=") -> #VALUE! | EN16: =AND('Pay Bill'!E73,"AAAAAH+v/48=") -> #VALUE! | EO16: =AND('Pay Bill'!F73,"AAAAAH+v/5A=") -> #VALUE! | EP16: =AND('Pay Bill'!G73,"AAAAAH+v/5E=") -> #VALUE! | EQ16: =AND('Pay Bill'!H73,"AAAAAH+v/5I=") -> #VALUE! | ER16: =AND('Pay Bill'!I73,"AAAAAH+v/5M=") -> #VALUE! | ES16: =AND('Pay Bill'!J73,"AAAAAH+v/5Q=") -> #VALUE! | ET16: =AND('Pay Bill'!#REF!,"AAAAAH+v/5U=") -> #REF! | EU16: =AND('Pay Bill'!#REF!,"AAAAAH+v/5Y=") -> #REF! | EV16: =AND('Pay Bill'!#REF!,"AAAAAH+v/5c=") -> #REF! | EW16: =AND('Pay Bill'!K73,"AAAAAH+v/5g=") -> #VALUE! | EX16: =AND('Pay Bill'!L73,"AAAAAH+v/5k=") -> #VALUE! | EY16: =AND('Pay Bill'!M73,"AAAAAH+v/5o=") -> #VALUE! | EZ16: =AND('Pay Bill'!#REF!,"AAAAAH+v/5s=") -> #REF! | FA16: =AND('Pay Bill'!#REF!,"AAAAAH+v/5w=") -> #REF! | FB16: =AND('Pay Bill'!#REF!,"AAAAAH+v/50=") -> #REF! | FC16: =AND('Pay Bill'!#REF!,"AAAAAH+v/54=") -> #REF! | FD16: =AND('Pay Bill'!N73,"AAAAAH+v/58=") -> #VALUE! | FE16: =AND('Pay Bill'!A74,"AAAAAH+v/6A=") -> #VALUE! | FF16: =AND('Pay Bill'!B74,"AAAAAH+v/6E=") -> #VALUE! | FG16: =AND('Pay Bill'!C74,"AAAAAH+v/6I=") -> #VALUE! | FH16: =AND('Pay Bill'!D74,"AAAAAH+v/6M=") -> #VALUE! | FI16: =AND('Pay Bill'!E74,"AAAAAH+v/6Q=") -> #VALUE! | FJ16: =AND('Pay Bill'!F74,"AAAAAH+v/6U=") -> #VALUE! | FK16: =AND('Pay Bill'!G74,"AAAAAH+v/6Y=") -> #VALUE! | FL16: =AND('Pay Bill'!H74,"AAAAAH+v/6c=") -> #VALUE! | FM16: =AND('Pay Bill'!I74,"AAAAAH+v/6g=") -> #VALUE! | FN16: =AND('Pay Bill'!J74,"AAAAAH+v/6k=") -> #VALUE! | FO16: =AND('Pay Bill'!#REF!,"AAAAAH+v/6o=") -> #REF! | FP16: =AND('Pay Bill'!#REF!,"AAAAAH+v/6s=") -> #REF! | FQ16: =AND('Pay Bill'!#REF!,"AAAAAH+v/6w=") -> #REF! | FR16: =AND('Pay Bill'!K74,"AAAAAH+v/60=") -> #VALUE! | FS16: =AND('Pay Bill'!L74,"AAAAAH+v/64=") -> #VALUE! | FT16: =AND('Pay Bill'!M74,"AAAAAH+v/68=") -> #VALUE! | FU16: =AND('Pay Bill'!#REF!,"AAAAAH+v/7A=") -> #REF! | FV16: =AND('Pay Bill'!#REF!,"AAAAAH+v/7E=") -> #REF! | FW16: =AND('Pay Bill'!#REF!,"AAAAAH+v/7I=") -> #REF! | FX16: =AND('Pay Bill'!#REF!,"AAAAAH+v/7M=") -> #REF! | FY16: =AND('Pay Bill'!N74,"AAAAAH+v/7Q=") -> #VALUE! | FZ16: =AND('Pay Bill'!A75,"AAAAAH+v/7U=") -> #VALUE! | GA16: =AND('Pay Bill'!B75,"AAAAAH+v/7Y=") -> #VALUE! | GB16: =AND('Pay Bill'!C75,"AAAAAH+v/7c=") -> #VALUE! | GC16: =AND('Pay Bill'!D75,"AAAAAH+v/7g=") -> #VALUE! | GD16: =AND('Pay Bill'!E75,"AAAAAH+v/7k=") -> #VALUE! | GE16: =AND('Pay Bill'!F75,"AAAAAH+v/7o=") -> #VALUE! | GF16: =AND('Pay Bill'!G75,"AAAAAH+v/7s=") -> #VALUE! | GG16: =AND('Pay Bill'!H75,"AAAAAH+v/7w=") -> #VALUE! | GH16: =AND('Pay Bill'!I75,"AAAAAH+v/70=") -> #VALUE! | GI16: =AND('Pay Bill'!J75,"AAAAAH+v/74=") -> #VALUE! | GJ16: =AND('Pay Bill'!#REF!,"AAAAAH+v/78=") -> #REF! | GK16: =AND('Pay Bill'!#REF!,"AAAAAH+v/8A=") -> #REF! | GL16: =AND('Pay Bill'!#REF!,"AAAAAH+v/8E=") -> #REF! | GM16: =AND('Pay Bill'!K75,"AAAAAH+v/8I=") -> #VALUE! | GN16: =AND('Pay Bill'!L75,"AAAAAH+v/8M=") -> #VALUE! | GO16: =AND('Pay Bill'!M75,"AAAAAH+v/8Q=") -> #VALUE! | GP16: =AND('Pay Bill'!#REF!,"AAAAAH+v/8U=") -> #REF! | GQ16: =AND('Pay Bill'!#REF!,"AAAAAH+v/8Y=") -> #REF! | GR16: =AND('Pay Bill'!#REF!,"AAAAAH+v/8c=") -> #REF! | GS16: =AND('Pay Bill'!#REF!,"AAAAAH+v/8g=") -> #REF! | GT16: =AND('Pay Bill'!N75,"AAAAAH+v/8k=") -> #VALUE! | GU16: =AND('Pay Bill'!A76,"AAAAAH+v/8o=") -> #VALUE! | GV16: =AND('Pay Bill'!B76,"AAAAAH+v/8s=") -> #VALUE! | GW16: =AND('Pay Bill'!C76,"AAAAAH+v/8w=") -> #VALUE! | GX16: =AND('Pay Bill'!D76,"AAAAAH+v/80=") -> #VALUE! | GY16: =AND('Pay Bill'!E76,"AAAAAH+v/84=") -> #VALUE! | GZ16: =AND('Pay Bill'!F76,"AAAAAH+v/88=") -> #VALUE! | HA16: =AND('Pay Bill'!G76,"AAAAAH+v/9A=") -> #VALUE! | HB16: =AND('Pay Bill'!H76,"AAAAAH+v/9E=") -> #VALUE! | HC16: =AND('Pay Bill'!I76,"AAAAAH+v/9I=") -> #VALUE! | HD16: =AND('Pay Bill'!J76,"AAAAAH+v/9M=") -> #VALUE! | HE16: =AND('Pay Bill'!#REF!,"AAAAAH+v/9Q=") -> #REF! | HF16: =AND('Pay Bill'!#REF!,"AAAAAH+v/9U=") -> #REF! | HG16: =AND('Pay Bill'!#REF!,"AAAAAH+v/9Y=") -> #REF! | HH16: =AND('Pay Bill'!K76,"AAAAAH+v/9c=") -> #VALUE! | HI16: =AND('Pay Bill'!L76,"AAAAAH+v/9g=") -> #VALUE! | HJ16: =AND('Pay Bill'!M76,"AAAAAH+v/9k=") -> #VALUE! | HK16: =AND('Pay Bill'!#REF!,"AAAAAH+v/9o=") -> #REF! | HL16: =AND('Pay Bill'!#REF!,"AAAAAH+v/9s=") -> #REF! | HM16: =AND('Pay Bill'!#REF!,"AAAAAH+v/9w=") -> #REF! | HN16: =AND('Pay Bill'!#REF!,"AAAAAH+v/90=") -> #REF! | HO16: =AND('Pay Bill'!N76,"AAAAAH+v/94=") -> #VALUE! | HP16: =AND('Pay Bill'!A77,"AAAAAH+v/98=") -> #VALUE! | HQ16: =AND('Pay Bill'!B77,"AAAAAH+v/+A=") -> #VALUE! | HR16: =AND('Pay Bill'!C77,"AAAAAH+v/+E=") -> #VALUE! | HS16: =AND('Pay Bill'!D77,"AAAAAH+v/+I=") -> #VALUE! | HT16: =AND('Pay Bill'!E77,"AAAAAH+v/+M=") -> #VALUE! | HU16: =AND('Pay Bill'!F77,"AAAAAH+v/+Q=") -> #VALUE! | HV16: =AND('Pay Bill'!G77,"AAAAAH+v/+U=") -> #VALUE! | HW16: =AND('Pay Bill'!H77,"AAAAAH+v/+Y=") -> #VALUE! | HX16: =AND('Pay Bill'!I77,"AAAAAH+v/+c=") -> #VALUE! | HY16: =AND('Pay Bill'!J77,"AAAAAH+v/+g=") -> #VALUE! | HZ16: =AND('Pay Bill'!#REF!,"AAAAAH+v/+k=") -> #REF! | IA16: =AND('Pay Bill'!#REF!,"AAAAAH+v/+o=") -> #REF! | IB16: =AND('Pay Bill'!#REF!,"AAAAAH+v/+s=") -> #REF! | IC16: =AND('Pay Bill'!K77,"AAAAAH+v/+w=") -> #VALUE! | ID16: =AND('Pay Bill'!L77,"AAAAAH+v/+0=") -> #VALUE! | IE16: =AND('Pay Bill'!M77,"AAAAAH+v/+4=") -> #VALUE! | IF16: =AND('Pay Bill'!#REF!,"AAAAAH+v/+8=") -> #REF! | IG16: =AND('Pay Bill'!#REF!,"AAAAAH+v//A=") -> #REF! | IH16: =AND('Pay Bill'!#REF!,"AAAAAH+v//E=") -> #REF! | II16: =AND('Pay Bill'!#REF!,"AAAAAH+v//I=") -> #REF! | IJ16: =AND('Pay Bill'!N77,"AAAAAH+v//M=") -> #VALUE! | IK16: =AND('Pay Bill'!A78,"AAAAAH+v//Q=") -> #VALUE! | IL16: =AND('Pay Bill'!B78,"AAAAAH+v//U=") -> #VALUE! | IM16: =AND('Pay Bill'!C78,"AAAAAH+v//Y=") -> #VALUE! | IN16: =AND('Pay Bill'!D78,"AAAAAH+v//c=") -> #VALUE! | IO16: =AND('Pay Bill'!E78,"AAAAAH+v//g=") -> #VALUE! | IP16: =AND('Pay Bill'!F78,"AAAAAH+v//k=") -> #VALUE! | IQ16: =AND('Pay Bill'!G78,"AAAAAH+v//o=") -> #VALUE! | IR16: =AND('Pay Bill'!H78,"AAAAAH+v//s=") -> #VALUE! | IS16: =AND('Pay Bill'!I78,"AAAAAH+v//w=") -> #VALUE! | IT16: =AND('Pay Bill'!J78,"AAAAAH+v//0=") -> #VALUE! | IU16: =AND('Pay Bill'!#REF!,"AAAAAH+v//4=") -> #REF! | IV16: =AND('Pay Bill'!#REF!,"AAAAAH+v//8=") -> #REF!
A17: =AND('Pay Bill'!#REF!,"AAAAAH/q+wA=") -> #REF! | B17: =AND('Pay Bill'!K78,"AAAAAH/q+wE=") -> #VALUE! | C17: =AND('Pay Bill'!L78,"AAAAAH/q+wI=") -> #VALUE! | D17: =AND('Pay Bill'!M78,"AAAAAH/q+wM=") -> #VALUE! | E17: =AND('Pay Bill'!#REF!,"AAAAAH/q+wQ=") -> #REF! | F17: =AND('Pay Bill'!#REF!,"AAAAAH/q+wU=") -> #REF! | G17: =AND('Pay Bill'!#REF!,"AAAAAH/q+wY=") -> #REF! | H17: =AND('Pay Bill'!#REF!,"AAAAAH/q+wc=") -> #REF! | I17: =AND('Pay Bill'!N78,"AAAAAH/q+wg=") -> #VALUE! | J17: =AND('Pay Bill'!A79,"AAAAAH/q+wk=") -> #VALUE! | K17: =AND('Pay Bill'!B79,"AAAAAH/q+wo=") -> #VALUE! | L17: =AND('Pay Bill'!C79,"AAAAAH/q+ws=") -> #VALUE! | M17: =AND('Pay Bill'!D79,"AAAAAH/q+ww=") -> #VALUE! | N17: =AND('Pay Bill'!E79,"AAAAAH/q+w0=") -> #VALUE! | O17: =AND('Pay Bill'!F79,"AAAAAH/q+w4=") -> #VALUE! | P17: =AND('Pay Bill'!G79,"AAAAAH/q+w8=") -> #VALUE! | Q17: =AND('Pay Bill'!H79,"AAAAAH/q+xA=") -> #VALUE! | R17: =AND('Pay Bill'!I79,"AAAAAH/q+xE=") -> #VALUE! | S17: =AND('Pay Bill'!J79,"AAAAAH/q+xI=") -> #VALUE! | T17: =AND('Pay Bill'!#REF!,"AAAAAH/q+xM=") -> #REF! | U17: =AND('Pay Bill'!#REF!,"AAAAAH/q+xQ=") -> #REF! | V17: =AND('Pay Bill'!#REF!,"AAAAAH/q+xU=") -> #REF! | W17: =AND('Pay Bill'!K79,"AAAAAH/q+xY=") -> #VALUE! | X17: =AND('Pay Bill'!L79,"AAAAAH/q+xc=") -> #VALUE! | Y17: =AND('Pay Bill'!M79,"AAAAAH/q+xg=") -> #VALUE! | Z17: =AND('Pay Bill'!#REF!,"AAAAAH/q+xk=") -> #REF! | AA17: =AND('Pay Bill'!#REF!,"AAAAAH/q+xo=") -> #REF! | AB17: =AND('Pay Bill'!#REF!,"AAAAAH/q+xs=") -> #REF! | AC17: =AND('Pay Bill'!#REF!,"AAAAAH/q+xw=") -> #REF! | AD17: =AND('Pay Bill'!N79,"AAAAAH/q+x0=") -> #VALUE! | AE17: =AND('Pay Bill'!A80,"AAAAAH/q+x4=") -> #VALUE! | AF17: =AND('Pay Bill'!B80,"AAAAAH/q+x8=") -> #VALUE! | AG17: =AND('Pay Bill'!C80,"AAAAAH/q+yA=") -> #VALUE! | AH17: =AND('Pay Bill'!D80,"AAAAAH/q+yE=") -> #VALUE! | AI17: =AND('Pay Bill'!E80,"AAAAAH/q+yI=") -> #VALUE! | AJ17: =AND('Pay Bill'!F80,"AAAAAH/q+yM=") -> #VALUE! | AK17: =AND('Pay Bill'!G80,"AAAAAH/q+yQ=") -> #VALUE! | AL17: =AND('Pay Bill'!H80,"AAAAAH/q+yU=") -> #VALUE! | AM17: =AND('Pay Bill'!I80,"AAAAAH/q+yY=") -> #VALUE! | AN17: =AND('Pay Bill'!J80,"AAAAAH/q+yc=") -> #VALUE! | AO17: =AND('Pay Bill'!#REF!,"AAAAAH/q+yg=") -> #REF! | AP17: =AND('Pay Bill'!#REF!,"AAAAAH/q+yk=") -> #REF! | AQ17: =AND('Pay Bill'!#REF!,"AAAAAH/q+yo=") -> #REF! | AR17: =AND('Pay Bill'!K80,"AAAAAH/q+ys=") -> #VALUE! | AS17: =AND('Pay Bill'!L80,"AAAAAH/q+yw=") -> #VALUE! | AT17: =AND('Pay Bill'!M80,"AAAAAH/q+y0=") -> #VALUE! | AU17: =AND('Pay Bill'!#REF!,"AAAAAH/q+y4=") -> #REF! | AV17: =AND('Pay Bill'!#REF!,"AAAAAH/q+y8=") -> #REF! | AW17: =AND('Pay Bill'!#REF!,"AAAAAH/q+zA=") -> #REF! | AX17: =AND('Pay Bill'!#REF!,"AAAAAH/q+zE=") -> #REF! | AY17: =AND('Pay Bill'!N80,"AAAAAH/q+zI=") -> #VALUE! | AZ17: =AND('Pay Bill'!A81,"AAAAAH/q+zM=") -> #VALUE! | BA17: =AND('Pay Bill'!B81,"AAAAAH/q+zQ=") -> #VALUE! | BB17: =AND('Pay Bill'!C81,"AAAAAH/q+zU=") -> #VALUE! | BC17: =AND('Pay Bill'!D81,"AAAAAH/q+zY=") -> #VALUE! | BD17: =AND('Pay Bill'!E81,"AAAAAH/q+zc=") -> #VALUE! | BE17: =AND('Pay Bill'!F81,"AAAAAH/q+zg=") -> #VALUE! | BF17: =AND('Pay Bill'!G81,"AAAAAH/q+zk=") -> #VALUE! | BG17: =AND('Pay Bill'!H81,"AAAAAH/q+zo=") -> #VALUE! | BH17: =AND('Pay Bill'!I81,"AAAAAH/q+zs=") -> #VALUE! | BI17: =AND('Pay Bill'!J81,"AAAAAH/q+zw=") -> #VALUE! | BJ17: =AND('Pay Bill'!#REF!,"AAAAAH/q+z0=") -> #REF! | BK17: =AND('Pay Bill'!#REF!,"AAAAAH/q+z4=") -> #REF! | BL17: =AND('Pay Bill'!#REF!,"AAAAAH/q+z8=") -> #REF! | BM17: =AND('Pay Bill'!K81,"AAAAAH/q+0A=") -> #VALUE! | BN17: =AND('Pay Bill'!L81,"AAAAAH/q+0E=") -> #VALUE! | BO17: =AND('Pay Bill'!M81,"AAAAAH/q+0I=") -> #VALUE! | BP17: =AND('Pay Bill'!#REF!,"AAAAAH/q+0M=") -> #REF! | BQ17: =AND('Pay Bill'!#REF!,"AAAAAH/q+0Q=") -> #REF! | BR17: =AND('Pay Bill'!#REF!,"AAAAAH/q+0U=") -> #REF! | BS17: =AND('Pay Bill'!#REF!,"AAAAAH/q+0Y=") -> #REF! | BT17: =AND('Pay Bill'!N81,"AAAAAH/q+0c=") -> #VALUE! | BU17: =AND('Pay Bill'!A82,"AAAAAH/q+0g=") -> #VALUE! | BV17: =AND('Pay Bill'!B82,"AAAAAH/q+0k=") -> #VALUE! | BW17: =AND('Pay Bill'!C82,"AAAAAH/q+0o=") -> #VALUE! | BX17: =AND('Pay Bill'!D82,"AAAAAH/q+0s=") -> #VALUE! | BY17: =AND('Pay Bill'!E82,"AAAAAH/q+0w=") -> #VALUE! | BZ17: =AND('Pay Bill'!F82,"AAAAAH/q+00=") -> #VALUE! | CA17: =AND('Pay Bill'!G82,"AAAAAH/q+04=") -> #VALUE! | CB17: =AND('Pay Bill'!H82,"AAAAAH/q+08=") -> #VALUE! | CC17: =AND('Pay Bill'!I82,"AAAAAH/q+1A=") -> #VALUE! | CD17: =AND('Pay Bill'!J82,"AAAAAH/q+1E=") -> #VALUE! | CE17: =AND('Pay Bill'!#REF!,"AAAAAH/q+1I=") -> #REF! | CF17: =AND('Pay Bill'!#REF!,"AAAAAH/q+1M=") -> #REF! | CG17: =AND('Pay Bill'!#REF!,"AAAAAH/q+1Q=") -> #REF! | CH17: =AND('Pay Bill'!K82,"AAAAAH/q+1U=") -> #VALUE! | CI17: =AND('Pay Bill'!L82,"AAAAAH/q+1Y=") -> #VALUE! | CJ17: =AND('Pay Bill'!M82,"AAAAAH/q+1c=") -> #VALUE! | CK17: =AND('Pay Bill'!#REF!,"AAAAAH/q+1g=") -> #REF! | CL17: =AND('Pay Bill'!#REF!,"AAAAAH/q+1k=") -> #REF! | CM17: =AND('Pay Bill'!#REF!,"AAAAAH/q+1o=") -> #REF! | CN17: =AND('Pay Bill'!#REF!,"AAAAAH/q+1s=") -> #REF! | CO17: =AND('Pay Bill'!N82,"AAAAAH/q+1w=") -> #VALUE! | CP17: =AND('Pay Bill'!A83,"AAAAAH/q+10=") -> #VALUE! | CQ17: =AND('Pay Bill'!B83,"AAAAAH/q+14=") -> #VALUE! | CR17: =AND('Pay Bill'!C83,"AAAAAH/q+18=") -> #VALUE! | CS17: =AND('Pay Bill'!D83,"AAAAAH/q+2A=") -> #VALUE! | CT17: =AND('Pay Bill'!E83,"AAAAAH/q+2E=") -> #VALUE! | CU17: =AND('Pay Bill'!F83,"AAAAAH/q+2I=") -> #VALUE! | CV17: =AND('Pay Bill'!G83,"AAAAAH/q+2M=") -> #VALUE! | CW17: =AND('Pay Bill'!H83,"AAAAAH/q+2Q=") -> #VALUE! | CX17: =AND('Pay Bill'!I83,"AAAAAH/q+2U=") -> #VALUE! | CY17: =AND('Pay Bill'!J83,"AAAAAH/q+2Y=") -> #VALUE! | CZ17: =AND('Pay Bill'!#REF!,"AAAAAH/q+2c=") -> #REF! | DA17: =AND('Pay Bill'!#REF!,"AAAAAH/q+2g=") -> #REF! | DB17: =AND('Pay Bill'!#REF!,"AAAAAH/q+2k=") -> #REF! | DC17: =AND('Pay Bill'!K83,"AAAAAH/q+2o=") -> #VALUE! | DD17: =AND('Pay Bill'!L83,"AAAAAH/q+2s=") -> #VALUE! | DE17: =AND('Pay Bill'!M83,"AAAAAH/q+2w=") -> #VALUE! | DF17: =AND('Pay Bill'!#REF!,"AAAAAH/q+20=") -> #REF! | DG17: =AND('Pay Bill'!#REF!,"AAAAAH/q+24=") -> #REF! | DH17: =AND('Pay Bill'!#REF!,"AAAAAH/q+28=") -> #REF! | DI17: =AND('Pay Bill'!#REF!,"AAAAAH/q+3A=") -> #REF! | DJ17: =AND('Pay Bill'!N83,"AAAAAH/q+3E=") -> #VALUE! | DK17: =AND('Pay Bill'!A84,"AAAAAH/q+3I=") -> #VALUE! | DL17: =AND('Pay Bill'!B84,"AAAAAH/q+3M=") -> #VALUE! | DM17: =AND('Pay Bill'!C84,"AAAAAH/q+3Q=") -> #VALUE! | DN17: =AND('Pay Bill'!D84,"AAAAAH/q+3U=") -> #VALUE! | DO17: =AND('Pay Bill'!E84,"AAAAAH/q+3Y=") -> #VALUE! | DP17: =AND('Pay Bill'!F84,"AAAAAH/q+3c=") -> #VALUE! | DQ17: =AND('Pay Bill'!G84,"AAAAAH/q+3g=") -> #VALUE! | DR17: =AND('Pay Bill'!H84,"AAAAAH/q+3k=") -> #VALUE! | DS17: =AND('Pay Bill'!I84,"AAAAAH/q+3o=") -> #VALUE! | DT17: =AND('Pay Bill'!J84,"AAAAAH/q+3s=") -> #VALUE! | DU17: =AND('Pay Bill'!#REF!,"AAAAAH/q+3w=") -> #REF! | DV17: =AND('Pay Bill'!#REF!,"AAAAAH/q+30=") -> #REF! | DW17: =AND('Pay Bill'!#REF!,"AAAAAH/q+34=") -> #REF! | DX17: =AND('Pay Bill'!K84,"AAAAAH/q+38=") -> #VALUE! | DY17: =AND('Pay Bill'!L84,"AAAAAH/q+4A=") -> #VALUE! | DZ17: =AND('Pay Bill'!M84,"AAAAAH/q+4E=") -> #VALUE! | EA17: =AND('Pay Bill'!#REF!,"AAAAAH/q+4I=") -> #REF! | EB17: =AND('Pay Bill'!#REF!,"AAAAAH/q+4M=") -> #REF! | EC17: =AND('Pay Bill'!#REF!,"AAAAAH/q+4Q=") -> #REF! | ED17: =AND('Pay Bill'!#REF!,"AAAAAH/q+4U=") -> #REF! | EE17: =AND('Pay Bill'!N84,"AAAAAH/q+4Y=") -> #VALUE! | EF17: =AND('Pay Bill'!A85,"AAAAAH/q+4c=") -> #VALUE! | EG17: =AND('Pay Bill'!B85,"AAAAAH/q+4g=") -> #VALUE! | EH17: =AND('Pay Bill'!C85,"AAAAAH/q+4k=") -> #VALUE! | EI17: =AND('Pay Bill'!D85,"AAAAAH/q+4o=") -> #VALUE! | EJ17: =AND('Pay Bill'!E85,"AAAAAH/q+4s=") -> #VALUE! | EK17: =AND('Pay Bill'!F85,"AAAAAH/q+4w=") -> #VALUE! | EL17: =AND('Pay Bill'!G85,"AAAAAH/q+40=") -> #VALUE! | EM17: =AND('Pay Bill'!H85,"AAAAAH/q+44=") -> #VALUE! | EN17: =AND('Pay Bill'!I85,"AAAAAH/q+48=") -> #VALUE! | EO17: =AND('Pay Bill'!J85,"AAAAAH/q+5A=") -> #VALUE! | EP17: =AND('Pay Bill'!#REF!,"AAAAAH/q+5E=") -> #REF! | EQ17: =AND('Pay Bill'!#REF!,"AAAAAH/q+5I=") -> #REF! | ER17: =AND('Pay Bill'!#REF!,"AAAAAH/q+5M=") -> #REF! | ES17: =AND('Pay Bill'!K85,"AAAAAH/q+5Q=") -> #VALUE! | ET17: =AND('Pay Bill'!L85,"AAAAAH/q+5U=") -> #VALUE! | EU17: =AND('Pay Bill'!M85,"AAAAAH/q+5Y=") -> #VALUE! | EV17: =AND('Pay Bill'!#REF!,"AAAAAH/q+5c=") -> #REF! | EW17: =AND('Pay Bill'!#REF!,"AAAAAH/q+5g=") -> #REF! | EX17: =AND('Pay Bill'!#REF!,"AAAAAH/q+5k=") -> #REF! | EY17: =AND('Pay Bill'!#REF!,"AAAAAH/q+5o=") -> #REF! | EZ17: =AND('Pay Bill'!N85,"AAAAAH/q+5s=") -> #VALUE! | FA17: =AND('Pay Bill'!A86,"AAAAAH/q+5w=") -> #VALUE! | FB17: =AND('Pay Bill'!B86,"AAAAAH/q+50=") -> #VALUE! | FC17: =AND('Pay Bill'!C86,"AAAAAH/q+54=") -> #VALUE! | FD17: =AND('Pay Bill'!D86,"AAAAAH/q+58=") -> #VALUE! | FE17: =AND('Pay Bill'!E86,"AAAAAH/q+6A=") -> #VALUE! | FF17: =AND('Pay Bill'!F86,"AAAAAH/q+6E=") -> #VALUE! | FG17: =AND('Pay Bill'!G86,"AAAAAH/q+6I=") -> #VALUE! | FH17: =AND('Pay Bill'!H86,"AAAAAH/q+6M=") -> #VALUE! | FI17: =AND('Pay Bill'!I86,"AAAAAH/q+6Q=") -> #VALUE! | FJ17: =AND('Pay Bill'!J86,"AAAAAH/q+6U=") -> #VALUE! | FK17: =AND('Pay Bill'!#REF!,"AAAAAH/q+6Y=") -> #REF! | FL17: =AND('Pay Bill'!#REF!,"AAAAAH/q+6c=") -> #REF! | FM17: =AND('Pay Bill'!#REF!,"AAAAAH/q+6g=") -> #REF! | FN17: =AND('Pay Bill'!K86,"AAAAAH/q+6k=") -> #VALUE! | FO17: =AND('Pay Bill'!L86,"AAAAAH/q+6o=") -> #VALUE! | FP17: =AND('Pay Bill'!M86,"AAAAAH/q+6s=") -> #VALUE! | FQ17: =AND('Pay Bill'!#REF!,"AAAAAH/q+6w=") -> #REF! | FR17: =AND('Pay Bill'!#REF!,"AAAAAH/q+60=") -> #REF! | FS17: =AND('Pay Bill'!#REF!,"AAAAAH/q+64=") -> #REF! | FT17: =AND('Pay Bill'!#REF!,"AAAAAH/q+68=") -> #REF! | FU17: =AND('Pay Bill'!N86,"AAAAAH/q+7A=") -> #VALUE! | FV17: =AND('Pay Bill'!A87,"AAAAAH/q+7E=") -> #VALUE! | FW17: =AND('Pay Bill'!B87,"AAAAAH/q+7I=") -> #VALUE! | FX17: =AND('Pay Bill'!C87,"AAAAAH/q+7M=") -> #VALUE! | FY17: =AND('Pay Bill'!D87,"AAAAAH/q+7Q=") -> #VALUE! | FZ17: =AND('Pay Bill'!E87,"AAAAAH/q+7U=") -> #VALUE! | GA17: =AND('Pay Bill'!F87,"AAAAAH/q+7Y=") -> #VALUE! | GB17: =AND('Pay Bill'!G87,"AAAAAH/q+7c=") -> #VALUE! | GC17: =AND('Pay Bill'!H87,"AAAAAH/q+7g=") -> #VALUE! | GD17: =AND('Pay Bill'!I87,"AAAAAH/q+7k=") -> #VALUE! | GE17: =AND('Pay Bill'!J87,"AAAAAH/q+7o=") -> #VALUE! | GF17: =AND('Pay Bill'!#REF!,"AAAAAH/q+7s=") -> #REF! | GG17: =AND('Pay Bill'!#REF!,"AAAAAH/q+7w=") -> #REF! | GH17: =AND('Pay Bill'!#REF!,"AAAAAH/q+70=") -> #REF! | GI17: =AND('Pay Bill'!K87,"AAAAAH/q+74=") -> #VALUE! | GJ17: =AND('Pay Bill'!L87,"AAAAAH/q+78=") -> #VALUE! | GK17: =AND('Pay Bill'!M87,"AAAAAH/q+8A=") -> #VALUE! | GL17: =AND('Pay Bill'!#REF!,"AAAAAH/q+8E=") -> #REF! | GM17: =AND('Pay Bill'!#REF!,"AAAAAH/q+8I=") -> #REF! | GN17: =AND('Pay Bill'!#REF!,"AAAAAH/q+8M=") -> #REF! | GO17: =AND('Pay Bill'!#REF!,"AAAAAH/q+8Q=") -> #REF! | GP17: =AND('Pay Bill'!N87,"AAAAAH/q+8U=") -> #VALUE! | GQ17: =AND('Pay Bill'!A88,"AAAAAH/q+8Y=") -> #VALUE! | GR17: =AND('Pay Bill'!B88,"AAAAAH/q+8c=") -> #VALUE! | GS17: =AND('Pay Bill'!C88,"AAAAAH/q+8g=") -> #VALUE! | GT17: =AND('Pay Bill'!D88,"AAAAAH/q+8k=") -> #VALUE! | GU17: =AND('Pay Bill'!E88,"AAAAAH/q+8o=") -> #VALUE! | GV17: =AND('Pay Bill'!F88,"AAAAAH/q+8s=") -> #VALUE! | GW17: =AND('Pay Bill'!G88,"AAAAAH/q+8w=") -> #VALUE! | GX17: =AND('Pay Bill'!H88,"AAAAAH/q+80=") -> #VALUE! | GY17: =AND('Pay Bill'!I88,"AAAAAH/q+84=") -> #VALUE! | GZ17: =AND('Pay Bill'!J88,"AAAAAH/q+88=") -> #VALUE! | HA17: =AND('Pay Bill'!#REF!,"AAAAAH/q+9A=") -> #REF! | HB17: =AND('Pay Bill'!#REF!,"AAAAAH/q+9E=") -> #REF! | HC17: =AND('Pay Bill'!#REF!,"AAAAAH/q+9I=") -> #REF! | HD17: =AND('Pay Bill'!K88,"AAAAAH/q+9M=") -> #VALUE! | HE17: =AND('Pay Bill'!L88,"AAAAAH/q+9Q=") -> #VALUE! | HF17: =AND('Pay Bill'!M88,"AAAAAH/q+9U=") -> #VALUE! | HG17: =AND('Pay Bill'!#REF!,"AAAAAH/q+9Y=") -> #REF! | HH17: =AND('Pay Bill'!#REF!,"AAAAAH/q+9c=") -> #REF! | HI17: =AND('Pay Bill'!#REF!,"AAAAAH/q+9g=") -> #REF! | HJ17: =AND('Pay Bill'!#REF!,"AAAAAH/q+9k=") -> #REF! | HK17: =AND('Pay Bill'!N88,"AAAAAH/q+9o=") -> #VALUE! | HL17: =AND('Pay Bill'!A89,"AAAAAH/q+9s=") -> #VALUE! | HM17: =AND('Pay Bill'!B89,"AAAAAH/q+9w=") -> #VALUE! | HN17: =AND('Pay Bill'!C89,"AAAAAH/q+90=") -> #VALUE! | HO17: =AND('Pay Bill'!D89,"AAAAAH/q+94=") -> #VALUE! | HP17: =AND('Pay Bill'!E89,"AAAAAH/q+98=") -> #VALUE! | HQ17: =AND('Pay Bill'!F89,"AAAAAH/q++A=") -> #VALUE! | HR17: =AND('Pay Bill'!G89,"AAAAAH/q++E=") -> #VALUE! | HS17: =AND('Pay Bill'!H89,"AAAAAH/q++I=") -> #VALUE! | HT17: =AND('Pay Bill'!I89,"AAAAAH/q++M=") -> #VALUE! | HU17: =AND('Pay Bill'!J89,"AAAAAH/q++Q=") -> #VALUE! | HV17: =AND('Pay Bill'!#REF!,"AAAAAH/q++U=") -> #REF! | HW17: =AND('Pay Bill'!#REF!,"AAAAAH/q++Y=") -> #REF! | HX17: =AND('Pay Bill'!#REF!,"AAAAAH/q++c=") -> #REF! | HY17: =AND('Pay Bill'!K89,"AAAAAH/q++g=") -> #VALUE! | HZ17: =AND('Pay Bill'!L89,"AAAAAH/q++k=") -> #VALUE! | IA17: =AND('Pay Bill'!M89,"AAAAAH/q++o=") -> #VALUE! | IB17: =AND('Pay Bill'!#REF!,"AAAAAH/q++s=") -> #REF! | IC17: =AND('Pay Bill'!#REF!,"AAAAAH/q++w=") -> #REF! | ID17: =AND('Pay Bill'!#REF!,"AAAAAH/q++0=") -> #REF! | IE17: =AND('Pay Bill'!#REF!,"AAAAAH/q++4=") -> #REF! | IF17: =AND('Pay Bill'!N89,"AAAAAH/q++8=") -> #VALUE! | IG17: =AND('Pay Bill'!A90,"AAAAAH/q+/A=") -> #VALUE! | IH17: =AND('Pay Bill'!B90,"AAAAAH/q+/E=") -> #VALUE! | II17: =AND('Pay Bill'!C90,"AAAAAH/q+/I=") -> #VALUE! | IJ17: =AND('Pay Bill'!D90,"AAAAAH/q+/M=") -> #VALUE! | IK17: =AND('Pay Bill'!E90,"AAAAAH/q+/Q=") -> #VALUE! | IL17: =AND('Pay Bill'!F90,"AAAAAH/q+/U=") -> #VALUE! | IM17: =AND('Pay Bill'!G90,"AAAAAH/q+/Y=") -> #VALUE! | IN17: =AND('Pay Bill'!H90,"AAAAAH/q+/c=") -> #VALUE! | IO17: =AND('Pay Bill'!I90,"AAAAAH/q+/g=") -> #VALUE! | IP17: =AND('Pay Bill'!J90,"AAAAAH/q+/k=") -> #VALUE! | IQ17: =AND('Pay Bill'!#REF!,"AAAAAH/q+/o=") -> #REF! | IR17: =AND('Pay Bill'!#REF!,"AAAAAH/q+/s=") -> #REF! | IS17: =AND('Pay Bill'!#REF!,"AAAAAH/q+/w=") -> #REF! | IT17: =AND('Pay Bill'!K90,"AAAAAH/q+/0=") -> #VALUE! | IU17: =AND('Pay Bill'!L90,"AAAAAH/q+/4=") -> #VALUE! | IV17: =AND('Pay Bill'!M90,"AAAAAH/q+/8=") -> #VALUE!
